ID,Score Question 1,Score Question 2,Score Question 3,Score Question 4,Score Question 5,Score Question 6,Score Question 7,Score Question 8,Score Question 9,Score Question 10,Score Question 11,Score Question 12,Score Question 13,Score Question 14,Score Question 15,Score Question 16,Score Question 17,Score Question 18,Score Question 19,Score Question 20,Score Question 21,Score Question 22,Score Question 23,Score Question 24,Score Question 25,Score Question 26,Score Question 27,Score Question 28,Score Question 29,Score Question 30,Score Question 31,Score Question 32,Score Question 33,Score Question 34,Score Question 35,Score Question 36,Score Question 37,Score Question 38,Score Question 39,Score Question 40,Score Question 41,Score Question 42,Score Question 43,Score Question 44,Score Question 45,Score Question 46,Score Question 47,Score Question 48,Score Question 49
Max question score:,1,3,1,2,3,5,5,2,1,1,1,2,1,5,1,5,3,2,3,2,3,3,3,1,3,1,2,2,5,1,2,1,3,3,5,3,1,3,5,1,3,5,3,2,3,5,1,2,1
Student 0001,1,2.2,1,1.3,0.0,4.1,3.8,1.0,1,1,1,1.7,1,2.9,1,4.4,2.1,0.0,2.3,1.6,1.9,1.7,2.4,0,1.6,1,1.7,1.6,4.2,1,1.1,0,2.0,2.3,3.4,1.9,1,1.5,2.9,1,2.4,0.0,2.3,1.7,1.7,4.2,1,1.3,1
Student 0002,1,3,1,1.8,2.9,5,4.9,1.6,1,1,1,1.7,1,4.6,1,5,2.9,2,3,2,3,2.9,2.8,1,2.9,1,1.7,1.8,4.0,1,2,0,2.8,3,4.0,3,1,3,4.5,1,3,5.0,3,2,2.3,4.7,1,1.8,1
Student 0003,1,2.6,1,1.5,2.0,4.8,3.1,1.6,1,1,0,1.3,1,4.7,1,4.0,2.7,1.6,2.9,1.3,2.8,2.3,0.0,1,1.9,1,1.5,1.4,4.0,1,1.5,1,2.2,2.4,3.2,0.0,1,2.8,4.7,1,2.9,4.7,2.6,1.2,2.7,4.7,1,2.0,1
Student 0004,1,2.8,1,1.8,2.2,3.9,3.8,1.7,1,1,1,1.4,1,4.8,1,3.6,1.2,1.7,2.3,2.0,2.3,2.3,2.3,1,2.5,1,1.9,1.6,3.3,1,1.3,1,2.8,2.6,5,2.4,1,2.7,4.6,1,3,3.9,2.2,1.7,3,5,1,2.0,1
Student 0005,1,3,1,2,3,4.4,5,2,1,1,1,2,1,4.5,1,5,3,2,2.4,1.9,3,3,3,1,3.0,1,1.8,1.7,4.7,1,2,1,3,3,5,3,1,3,3.9,1,3,4.4,3,2,3,5,1,2,1
Student 0006,1,1.6,1,2,3,4.8,5.0,1.9,1,1,1,1.5,1,5,1,3.8,3,1.8,2.7,2,2.5,3,2.7,1,2.2,1,1.4,1.9,4.1,1,1.4,1,3.0,0.0,4.0,2.7,1,3,3.8,1,2.0,4.6,2.6,1.7,3,5,1,2,1
Student 0007,1,3,1,2,2.7,3.3,4.0,1.6,1,1,1,1.4,1,4.2,1,4.7,2.4,1.8,2.7,1.6,3,2.1,2.6,1,0.7,1,1.8,1.4,4.8,1,1.7,1,2.9,2.2,3.9,2.6,1,3,4.7,1,2.4,3.6,2.9,1.5,2.8,4.0,1,1.6,1
Student 0008,1,2.8,1,1.5,2.0,3.7,4.9,1.5,1,1,1,1.4,1,3.7,1,4.4,2.4,1.7,2.3,1.6,2.0,2.8,2.5,1,2.6,1,1.9,1.7,4.0,0,1.3,1,1.0,2.2,4.5,2.0,1,2.6,4.8,1,2.9,4.1,1.9,1.9,2.6,4.5,1,1.5,1
Student 0009,1,2.9,1,1.4,2.1,4.0,3.8,1.7,1,1,1,1.8,1,4.8,1,3.6,2.4,1.7,2.3,1.9,3,3,3,1,2.4,1,1.8,1.6,5,1,1.9,1,2.1,3,3.9,2.9,1,2.4,5,1,2.3,3.5,2.5,1.4,2.9,4.7,1,2.0,1
Student 0010,1,1.9,1,1.0,1.7,2.2,3.2,1.5,1,1,0,0.0,1,3.3,1,4.0,1.3,1.0,1.7,1.5,1.4,1.5,2.3,1,2.1,0,1.4,1.5,2.8,1,1.2,1,1.5,2.0,3.5,1.4,0,2.2,3.6,1,2.2,3.8,1.6,1.1,0.0,2.3,1,1.4,0
Student 0011,0,1.7,1,1.4,1.3,2.6,3.3,0.0,1,0,1,0.0,1,0.7,0,2.2,1.9,1.2,1.9,0.9,0.9,1.5,2.0,0,1.7,0,1.3,0.8,2.8,1,0.9,1,2.0,1.8,2.4,1.4,0,1.3,3.0,1,1.6,2.5,2.0,0.8,1.2,3.0,0,1.2,1
Student 0012,0,1.2,0,0.8,0.8,1.9,1.6,0.3,0,0,0,0.7,0,1.0,0,1.7,1.7,0.8,0.6,0.5,0.8,1.2,0.8,0,0.3,0,0.4,0.3,1.7,0,0.4,0,0.4,0.1,1.2,0.1,0,0.7,0.8,0,0.7,1.0,0.6,0.0,1.1,0.3,0,0.1,0
Student 0013,1,2.5,1,0.0,2.6,3.3,2.9,1.8,1,1,0,1.2,1,4.3,1,2.7,0.0,1.2,1.8,1.1,2.1,2.0,2.2,1,1.8,1,1.5,1.7,3.2,1,1.3,1,2.6,2.7,3.3,2.6,1,2.2,3.7,1,2.3,3.7,2.1,1.7,2.5,4.2,1,1.8,0
Student 0014,1,2.9,1,1.8,2.6,4.5,3.3,1.6,1,1,1,2.0,1,4.9,1,3.1,2.9,1.6,2.0,1.7,2.4,2.2,2.0,1,2.1,0,1.7,1.6,3.6,1,1.8,1,2.6,2.5,3.5,2.8,1,2.1,3.8,1,1.9,3.9,2.5,1.6,2.6,3.4,1,1.4,1
Student 0015,0,0.9,0,1.2,2.0,2.6,2.5,0.8,1,1,0,1.2,0,2.6,0,3.1,1.0,1.1,1.6,1.1,1.3,2.0,1.0,1,0.9,0,0.9,1.3,3.3,1,1.0,1,1.1,1.8,1.5,0.9,1,1.1,2.4,0,1.7,3.0,1.1,1.3,2.0,2.4,0,0.6,1
Student 0016,0,0.9,0,0.3,0.3,0.0,0.0,0.1,0,0,0,0.2,0,1.4,0,0.5,0.5,0.2,0.8,0.5,0.0,0.4,0.0,0,0.1,0,0.6,0.0,0.9,0,0.5,0,0.0,0.1,0.6,0.0,0,0.8,0.6,0,0.1,1.3,1.1,0.0,0.1,1.0,0,0.1,0
Student 0017,0,1.1,0,0.6,0.5,2.0,1.5,0.6,0,1,0,0.8,0,2.7,0,5,1.6,0.7,1.5,0.6,1.3,0.8,1.0,0,1.2,1,2,1.0,1.9,0,1.0,1,0.5,0.8,1.2,1.2,0,1.5,1.7,0,0.5,1.0,0.6,0.5,0.6,2.0,0,1.1,0
Student 0018,1,2.4,1,1.4,2.0,0.3,4.2,1.2,1,1,1,1.2,1,3.0,1,4.4,2.6,1.7,2.2,1.8,2.4,1.7,1.5,1,2.6,1,1.4,1.4,3.2,1,1.0,1,2.3,1.8,3.6,1.8,1,2.7,2.5,1,2.2,3.1,2.4,1.4,1.6,3.0,1,1.1,1
Student 0019,1,3,0,1.6,2.9,4.6,3.7,1.7,1,1,1,1.6,1,5,1,5,2.9,1.7,2.5,1.8,3,2.4,3,1,3,1,1.6,1.6,5,0,1.9,1,2.5,2.6,4.1,2.2,1,3,2.4,1,2.7,4.5,2.5,2.0,2.5,4.1,1,1.7,1
Student 0020,1,2.8,1,2,0.5,4.3,5,2,1,1,1,1.6,1,4.2,1,4.7,2.6,1.9,2.7,1.9,2.2,2.3,3,1,2.9,1,1.5,2,5,1,2.0,1,2.6,3,5.0,3,1,2.6,4.2,1,3,3.9,2.2,1.6,2.4,5,1,1.9,1
Student 0021,1,2.5,1,2.0,2.3,4.9,4.9,1.7,1,1,1,1.4,1,4.8,1,3.4,2.1,1.7,0.9,1.6,2.1,3,2.4,1,2.3,1,1.6,1.4,4.4,1,1.8,1,2.5,2.4,4.9,2.2,1,2.7,4.7,1,2.7,4.3,2.2,1.9,3,4.3,1,1.8,1
Student 0022,0,1.8,1,0.9,1.5,3.1,1.9,1.0,0,1,1,1.5,0,2.5,0,3.2,2.9,1.1,1.5,0.9,2.3,2.2,1.2,0,2.0,0,0.9,0.9,3.0,0,1.0,0,2.1,1.2,5,1.8,1,1.5,3.4,0,1.6,3.2,2.0,1.5,1.7,2.7,1,1.0,1
Student 0023,1,2.6,1,1.8,3,4.8,4.1,2,1,1,1,2.0,1,3.5,1,5.0,3,1.5,2.2,1.5,2.2,3,2.5,1,2.1,1,1.7,1.6,4.0,1,1.8,1,2.8,2.3,3.9,2.5,1,2.5,4.1,1,2.4,4.0,2.2,1.7,2.7,2.6,1,1.5,1
Student 0024,1,3,1,2,3,5,4.7,1.7,1,1,1,2,1,5,1,5,3,2,3,1.7,3,2.8,3,1,2.7,1,1.8,1.7,3.9,1,1.7,1,2.9,2.4,5,3,1,3,4.3,1,2.5,4.3,2.5,2,3,5,1,2,1
Student 0025,1,1.7,1,1.8,2.2,2.8,4.2,1.6,1,1,1,1.4,1,3.3,1,3.7,2.5,1.6,1.7,1.4,2.5,2.6,2.7,1,1.9,1,1.1,1.1,3.7,1,1.1,1,2.4,1.6,2.7,1.8,1,2.2,2.9,1,1.7,4.5,1.8,1.6,2.7,3.6,1,1.4,1
Student 0026,1,2.6,1,1.8,2.6,3.9,3.1,1.7,1,1,1,1.7,1,3.1,1,3.0,2.2,1.8,2.3,1.2,2.3,1.8,2.6,1,2.3,1,1.3,1.5,2.8,1,1.7,1,2.3,2.0,3.6,2.8,1,2.0,3.5,1,2.6,3.0,2.7,0.0,2.2,3.0,1,1.2,1
Student 0027,1,2.6,1,1.8,2.4,3.2,2.9,1.7,1,1,1,1.7,1,3.2,1,3.2,1.9,1.8,1.9,1.3,2.0,2.3,2.9,1,2.6,1,1.7,1.2,3.0,1,2,1,2.4,3,2.9,1.9,1,2.8,3.0,1,2.0,4.1,2.1,1.3,2.8,4.7,1,1.9,1
Student 0028,1,3.0,1,1.4,2.0,4.3,4.7,1.3,1,1,1,1.6,1,4.4,1,3.9,2.2,1.4,2.3,1.6,2.3,2.3,2.0,1,2.8,1,1.9,2,3.3,1,2.0,1,2.0,2.8,5.0,2.5,1,2.1,4.8,1,2.2,4.5,2.0,1.6,2.4,4.4,1,1.6,1
Student 0029,1,1.7,1,1.9,1.9,3.5,3.1,1.4,1,1,1,1.2,1,3.1,1,4.5,2.4,1.9,2.0,1.6,2.7,1.9,1.9,1,2.6,1,1.3,1.8,4.3,1,1.2,1,2.0,2.7,3.9,2.5,1,2.3,4.6,1,2.2,3.6,2.0,0.0,2.1,3.2,1,1.5,1
Student 0030,1,3.0,1,1.4,2.9,4.8,4.9,1.5,0,1,1,1.5,1,4.6,1,4.4,2.4,1.3,2.3,1.3,2.6,2.3,2.4,1,1.9,1,0.3,1.4,4.2,1,1.9,1,2.3,2.9,4.1,1.9,1,2.6,3.7,1,2.9,3.7,2.9,2.0,2.4,3.2,1,1.5,1
Student 0031,1,2.5,1,2,2.5,4.3,4.1,1.4,1,1,1,2,1,3.8,1,4.6,2.7,1.1,2.8,1.6,3,2.9,2.7,1,2.1,1,1.9,1.8,4.8,1,2.0,1,2.3,2.1,4.4,3,1,3,5,1,2.8,4.0,2.3,1.8,2.2,4.9,1,2,1
Student 0032,1,2.5,1,2,2.5,4.9,3.9,2,1,1,1,2,1,5,1,5,3,1.7,3,2.0,3,3,3.0,1,2.7,1,1.9,2,4.1,1,2,1,2.8,3,4.0,3,1,2.3,4.7,1,2.4,5,2.5,2,2.3,5,1,2,1
Student 0033,1,1.2,0,2,3,1.3,2.7,2,0,0,0,1.2,0,1.6,0,2.5,1.1,1.1,1.3,1.2,1.6,1.2,1.0,1,0.6,0,0.6,0.8,1.2,0,0.5,0,0.8,0.9,2.6,1.0,1,1.5,1.0,0,0.8,1.9,1.5,0.4,1.0,2.4,0,0.9,0
Student 0034,1,2.3,0,1.0,1.3,2.2,2.7,1.2,1,0,1,0.9,0,3.3,1,3.1,2.1,1.5,1.9,1.5,2.3,2.2,1.8,1,2.5,1,1.0,1.3,2.5,0,1.0,0,0.0,1.4,2.7,1.9,1,1.6,4.0,1,1.6,3.9,1.4,1.2,1.5,3.4,0,1.3,1
Student 0035,1,2.5,1,1.4,2.3,4.3,3.9,1.9,1,1,1,1.9,1,4.5,1,3.7,2.5,1.6,2.4,1.9,2.1,2.7,2.7,1,2.1,1,1.5,1.4,4.5,1,2,1,2.0,2.3,4.1,2.4,1,2.9,4.3,1,2.6,4.8,2.3,1.9,2.8,3.4,1,1.4,1
Student 0036,0,1.2,0,0.4,1.3,0.5,0.8,2,0,0,0,0.7,0,0.5,0,1.1,1.1,0.4,0.8,0.8,0.3,1.0,1.0,0,0.2,0,0.9,0.8,0.3,0,0.3,0,1.0,0.6,1.4,1.1,0,1.2,1.2,0,1.0,1.3,3,0.4,0.8,1.3,0,0.6,0
Student 0037,1,2.7,1,1.5,2.4,3.4,3.9,1.9,1,1,1,2.0,1,5.0,1,4.4,2.5,1.7,2.8,1.7,2.1,2.4,2.1,1,2.9,1,1.7,1.5,4.9,1,1.8,1,2.1,1.9,4.3,2.4,1,0.0,3.6,1,2.3,3.8,1.9,1.9,2.5,5,1,1.8,1
Student 0038,1,3,1,2,3,5,5,2,1,1,1,1.8,1,5,1,5,2.5,2,3,2,2.9,3,3,1,3,1,1.8,1.9,4.1,1,2,1,3,3,5,3.0,1,2.9,4.3,1,3,5,3,1.8,3,5,1,1.7,1
Student 0039,0,1.2,0,0.4,1.2,0.9,2.3,0.8,0,0,0,0.3,0,2.2,0,1.0,1.5,0.8,1.6,0.7,0.8,1.5,1.1,0,1.0,0,1.1,0.5,1.7,0,0.5,0,0.9,3,2.2,1.4,0,0.4,2.6,0,0.9,1.3,0.8,1.0,1.5,1.5,0,0.4,0
Student 0040,1,1.9,1,1.4,2.4,2.9,4.0,1.3,1,1,1,1.8,1,4.5,1,0.4,2.2,1.9,1.9,1.8,2.1,2.0,2.1,1,2.0,1,1.5,1.4,3.5,1,1.9,1,2.8,2.6,3.6,2.5,1,2.7,4.0,1,2.4,3.8,2.6,1.3,2.2,4.1,1,1.5,1
Student 0041,1,2.2,1,1.5,2.1,3.4,4.2,1.9,1,1,1,1.8,1,2.9,1,3.9,2.3,1.8,1.9,1.4,0.1,1.9,1.7,1,1.9,1,1.5,1.5,4.6,1,1.3,1,2.6,2.0,3.7,2.8,1,2.3,2.7,1,1.7,4.1,1.8,1.2,1.7,4.1,1,1.4,1
Student 0042,1,2.0,1,1.6,2.0,4.6,2.9,1.4,1,1,1,1.5,1,3.3,1,4.2,2.2,1.7,2.3,1.6,0.0,2.1,1.6,1,0.0,1,1.4,1.8,4.4,1,1.4,1,2.2,2.0,4.4,2.7,1,2.7,3.1,1,2.3,4.2,1.7,1.6,2.4,1.0,1,1.3,1
Student 0043,1,2.5,1,2,3,5,4.8,2,1,1,1,2,1,5,1,4.3,3,1.8,3,2,3,2.7,3,1,3,1,2,2,5,1,2,1,2.3,3,5,3.0,1,2.7,5,1,3,4.8,3,2,3,4.2,1,2,1
Student 0044,0,1.4,1,0.8,1.7,2.3,3.6,0.0,1,1,1,1.1,1,3.6,1,3.0,2.1,0.8,1.5,1.2,1.1,1.4,1.2,1,1.4,1,1.5,0.7,3.4,0,1.3,1,2.2,2.2,2.4,1.8,1,2.3,0.8,0,2.2,2.5,1.2,1.0,0.0,3.7,1,1.0,0
Student 0045,0,1.2,0,0.5,0.3,5,1.0,0.3,0,1,0,0.8,0,0.7,0,2.3,1.1,0.4,0.4,0.7,1.2,0.2,0.9,0,0.8,1,0.4,0.7,0.6,0,0.6,0,1.3,1.1,0.2,0.4,0,1.3,1.6,0,1.1,0.5,1.3,0.5,1.2,0.9,0,0.6,0
Student 0046,1,2.6,1,2.0,3,5,3.5,1.4,1,1,1,0.0,1,4.4,1,3.5,2.5,1.5,2.9,1.7,2.8,3,2.6,1,2.6,1,1.7,1.4,4.8,1,1.4,1,2.3,2.1,5,2.3,1,3.0,5,1,3,3.5,3,1.7,2.4,5,1,1.9,1
Student 0047,1,3,1,1.6,2.9,4.2,5,2,1,1,1,1.5,1,5,1,5.0,3,1.8,2.7,1.6,2.2,3,2.6,1,3,1,1.6,1.6,5,1,2,1,3,2.7,4.7,2.3,1,2.7,5,1,2.3,5,2.9,1.6,3,5,1,2,1
Student 0048,1,2.8,1,1.2,2.7,3.0,3.4,1.1,1,1,1,1.2,1,3.0,1,3.3,1.8,1.3,2.8,1.7,1.8,1.6,2.6,1,1.9,1,0.6,1.7,3.8,1,1.8,1,2.8,2.6,3.4,1.7,1,2.1,4.7,1,1.7,2.9,1.8,1.5,2.5,3.8,1,1.1,1
Student 0049,1,2.8,0,1.2,0.0,4.2,2.6,1.8,1,1,1,1.5,1,4.4,1,3.9,2.2,1.5,1.8,1.7,2.3,1.9,2.7,1,2.8,1,1.9,1.3,3.9,1,1.8,1,2.2,1.7,3.2,2.3,0,2.3,2.9,1,2.0,2.7,2.7,1.6,2.3,4.6,1,0.0,1
Student 0050,0,1.2,0,1.0,1.7,2.1,3.7,1.0,1,1,0,0.8,1,3.5,0,2.3,1.6,1.0,2.3,1.3,1.2,1.2,1.2,1,1.6,1,0.8,1.5,3.3,1,1.3,1,1.5,1.4,3.0,2.3,1,1.2,2.1,1,2.0,2.2,1.5,1.0,1.8,4.0,1,1.3,0
Student 0051,1,1.8,1,1.1,2.4,3.0,3.2,1.3,1,1,1,1.3,1,2.7,1,3.4,2.7,0.0,2.6,1.5,2.7,1.5,2.0,1,2.1,1,1.4,1.5,3.9,1,1.3,1,2.7,1.7,2.7,2.6,1,1.7,4.3,1,2.0,3.4,2.4,1.5,1.6,4.2,1,1.8,1
Student 0052,1,2.7,1,2,3,5,5,1.8,1,1,1,2.0,1,5,1,5,2.6,2,2.8,1.6,2.4,3,3,1,2.7,1,2,2,5,1,2,1,2.7,2.8,4.1,2.7,1,2.7,5,1,2.4,4.4,2.7,1.8,3,5,1,2,1
Student 0053,0,1.2,0,0.8,1.4,1.6,3.1,0.9,1,1,0,1.2,1,1.9,1,2.0,1.7,0.7,1.8,1.0,1.8,0.9,1.8,0,1.3,0,1.3,1.0,2.9,0,0.6,0,1.5,0.8,1.3,1.0,0,0.9,2.2,0,1.2,2.5,1.7,1.2,1.6,2.7,1,0.8,0
Student 0054,0,1.7,0,1.1,1.4,1.5,1.1,0.7,0,0,1,2,0,2.0,0,2.8,0.7,0.7,0.8,0.6,0.9,1.6,0.9,1,0.9,1,2,1.1,2.3,0,1.0,0,1.5,1.1,3.0,1.5,0,1.7,1.1,0,1.0,2.2,1.6,2,0.9,1.3,0,1.0,0
Student 0055,1,2.2,1,1.5,1.8,4.0,5.0,1.3,1,1,1,1.8,1,4.1,1,4.5,2.4,1.9,2.9,1.3,2.2,2.4,2.6,1,2.3,1,1.3,1.9,4.1,1,1.7,1,1.9,2.3,3.6,2.6,1,3,3.1,1,2.0,3.8,2.5,1.3,2.2,3.3,1,1.3,1
Student 0056,1,2.9,1,2,3,5,5,2,1,1,1,2,1,4.5,1,4.8,3,1.9,2.6,1.7,3,3,2.6,1,3,1,2,2,3.9,1,2,1,3,3,4.8,3,1,2.5,4.1,1,3,4.9,2.3,2,2.4,5,1,1.9,1
Student 0057,1,2.2,1,1.8,2.9,4.7,4.7,1.5,1,1,1,1.9,1,4.4,1,4.6,3,1.3,2.2,1.7,2.4,2.4,2.3,1,2.8,1,1.9,2,4.8,1,1.6,1,2.9,2.6,4.1,3.0,1,2.3,5,1,3,4.6,3,2,2.3,5,1,1.7,1
Student 0058,1,2.8,1,1.4,0.2,3.4,4.5,1.5,1,1,1,2.0,1,5,1,4.2,3,1.5,2.2,1.8,3,3,2.9,1,2.4,1,1.8,1.6,3.3,1,1.6,1,2.5,2.4,5.0,2.3,1,2.0,5,1,2.4,3.2,2.2,1.9,2.6,5,1,1.4,1
Student 0059,1,1.6,1,0.0,2.7,4.0,3.5,1.1,1,1,1,1.2,1,3.7,1,4.4,1.8,1.6,2.6,1.1,1.6,1.9,1.6,1,2.4,1,1.2,1.8,3.2,1,1.2,1,2.1,0.0,3.7,2.1,1,1.7,3.6,1,2.5,4.1,1.8,1.6,1.7,4.0,1,1.3,1
Student 0060,1,2.8,1,2,3,5,5,1.7,1,1,1,2,1,5,1,4.0,2.4,2,3,2,2.4,3,2.6,1,3,1,1.6,1.7,4.0,1,2,1,3,3,4.3,3,1,3,4.0,1,2.6,4.3,2.9,1.6,3.0,5,1,2,1
Student 0061,1,2.5,1,1.6,2.6,3.6,2.9,1.6,1,1,1,1.8,1,3.4,1,4.1,2.4,1.8,2.3,1.4,2.8,2.1,1.8,1,1.8,1,1.3,1.5,3.6,1,1.4,1,2.4,2.4,3.7,2.7,1,2.4,2.9,1,2.8,4.1,2.1,1.2,2.2,3.4,1,1.2,1
Student 0062,1,3,1,2,2.8,5,4.3,2.0,1,1,1,1.6,1,5,1,4.9,2.5,1.7,2.9,1.9,2.7,2.8,2.7,1,2.4,1,1.9,1.9,4.1,1,2,1,2.5,2.6,5,2.7,1,2.2,5,1,3,5,2.4,2,2.3,3.8,1,1.6,1
Student 0063,1,1.9,1,1.6,1.8,3.6,4.1,1.7,1,1,1,1.2,1,3.7,1,3.7,2.3,1.2,1.8,1.6,1.4,2.3,1.5,1,1.8,1,1.5,1.3,2.4,1,1.1,0,1.7,1.6,0.0,2.1,1,1.8,3.7,1,2.4,0.1,1.4,1.0,1.5,3.7,1,1.4,0
Student 0064,0,0.5,0,0.3,1.3,0.6,0.5,0.3,0,0,0,0.0,0,1.9,0,1.2,1.3,0.4,0.7,0.6,0.3,1.2,0.3,0,1.3,0,0.8,0.0,1.9,0,0.6,0,1.0,1.1,1.7,1.1,0,0.6,0.8,0,1.1,1.7,1.0,0.7,1.0,1.8,0,0.2,0
Student 0065,1,2.1,1,2,2.9,4.2,4.2,1.4,1,1,1,1.5,1,3.5,1,3.3,3,1.9,2.9,0.0,3,2.9,3,1,3.0,1,1.7,1.4,3.7,1,1.9,1,3.0,2.8,4.5,2.8,1,2.9,3.8,1,2.4,4.0,2.3,1.7,2.0,4.8,1,1.5,0
Student 0066,1,2.5,1,1.7,2.2,4.1,4.9,1.8,1,1,1,1.2,1,3.5,1,4.4,2.0,1.6,2.6,1.7,2.2,2.3,2.8,1,2.1,1,1.4,1.5,4.8,1,1.8,1,3.0,2.8,0.0,2.4,1,2.6,4.9,1,2.6,2.6,2.0,1.5,2.1,4.7,1,1.9,1
Student 0067,1,2.2,1,2.0,2.5,5.0,3.5,2.0,1,1,1,1.4,1,3.5,1,4.8,3,1.3,0.0,1.7,3,1.9,2.7,1,2.4,1,1.5,1.6,3.9,1,1.4,1,2.9,2.1,4.0,2.3,1,2.2,4.5,1,2.4,5,2.8,1.1,1.9,3.3,1,1.9,1
Student 0068,1,1.4,1,1.5,1.2,2.0,2.8,1.6,1,1,1,1.1,1,2.5,0,3.0,2.1,1.0,1.5,0.9,1.6,1.8,1.3,1,1.8,0,0.8,1.1,3.5,1,1.5,0,1.8,1.7,2.1,1.3,1,2.1,2.7,1,2.2,3.8,1.4,1.2,2.4,3.7,1,1.3,0
Student 0069,1,2.1,1,2,2.6,5,5,1.6,1,1,1,1.6,1,4.0,1,3.9,2.7,1.5,2.6,1.5,2.5,3,2.3,1,3,1,2,1.9,3.7,1,1.8,1,3.0,2.8,5,2.9,1,2.4,3.6,1,3,3.5,3.0,2,2.4,3.6,1,1.4,1
Student 0070,0,1.2,0,1.0,1.5,2.2,3.6,1.4,1,0,1,1.5,1,2.0,1,2.4,2.0,1.5,1.5,1.2,2.0,2.2,2.2,1,2.2,1,1.4,1.5,3.1,1,1.5,0,2.2,1.7,2.0,1.3,1,1.5,2.4,0,1.5,2.1,1.6,1.5,1.2,3.7,1,0.9,0
Student 0071,0,1.7,0,0.7,1.3,2.3,2.3,0.8,0,0,0,1.0,0,2.9,0,2.6,1.1,1.1,0.7,0.9,1.5,1.0,1.2,0,1.5,1,0.8,0.6,2.4,0,0.9,0,1.6,0.9,1.2,1.4,0,1.4,2.2,0,1.5,1.2,1.8,0.8,1.7,1.2,0,0.7,1
Student 0072,1,2.7,1,1.8,2.1,4.2,4.2,2.0,1,1,1,1.6,1,3.5,1,3.5,2.8,1.4,2.9,1.3,2.5,2.5,2.2,1,2.4,1,1.9,1.3,4.2,1,1.6,1,2.6,2.0,4.6,2.6,1,2.0,3.5,1,2.1,5,2.2,1.9,2.1,4.0,1,1.6,1
Student 0073,1,2.1,1,1.2,2.6,3.2,2.7,1.2,1,1,1,1.7,1,3.2,1,3.6,0.3,1.4,1.9,1.4,1.6,2.2,2.7,1,1.7,1,1.3,1.4,3.0,1,1.2,1,2.3,2.7,2.7,1.9,1,2.7,3.6,1,2.2,4.4,1.9,1.4,2.3,3.6,1,1.3,1
Student 0074,1,1.9,1,1.4,2.1,3.9,4.0,1.4,1,0,0,1.4,1,4.0,1,3.5,0.0,1.7,2.6,1.2,2.0,2.4,2.1,1,2.1,1,1.4,1.2,2.8,1,0.0,1,2.1,2.4,3.0,2.6,1,3,2.9,1,2.2,3.5,2.1,1.4,2.1,4.5,1,1.7,1
Student 0075,0,0.9,0,0.0,0.8,0.2,1.4,0.3,0,0,0,0.6,0,1.1,0,1.7,0.9,0.5,0.5,0.7,1.1,0.5,0.5,0,1.2,0,1.9,0.4,0.6,0,0.8,0,0.5,0.3,1.4,1.2,0,0.9,0.5,0,0.1,1.2,0.7,0.8,0.6,1.0,0,0.3,0
Student 0076,0,2.7,1,1.6,2.4,3.8,4.5,1.3,1,1,1,1.4,1,5,1,3.7,1.9,1.9,2.3,1.9,2.5,2.3,2.7,1,2.6,1,2.0,1.9,1.6,1,1.2,1,2.4,2.7,4.9,2.5,1,1.9,3.4,1,2.1,4.7,2.4,1.8,2.0,3.2,1,1.6,1
Student 0077,1,2.5,0,0.9,1.8,3.4,3.1,1.0,0,0,0,1.4,1,2.1,1,4.0,1.5,0.8,1.3,1.2,2.4,1.9,1.2,0,2.0,1,1.0,0.8,3.3,1,2,0,2.3,2.1,3.5,2.0,1,1.8,3.5,1,1.5,2.1,1.2,1.4,1.7,3.1,1,1.4,0
Student 0078,1,2.5,1,1.7,2.2,4.0,4.9,2.0,1,1,1,1.5,1,3.9,1,5,0.1,1.7,3,2,2.2,2.9,2.3,1,2.6,1,2,1.7,3.9,1,1.5,1,3,2.7,4.8,2.5,1,2.0,4.6,1,2.8,5,2.2,1.9,2.6,4.4,1,1.8,1
Student 0079,1,3,1,1.7,3,5,4.5,2,1,1,1,2,1,3.8,1,4.4,2.8,1.8,3,2,2.4,3,3,1,3,1,2,1.9,5,1,1.9,1,2.3,2.4,4.0,2.4,1,3,5,1,2.7,5,3,2,3,4.9,1,2,1
Student 0080,1,1.7,1,0.3,2.2,4.3,2.7,0.0,1,1,1,0.0,1,3.1,1,3.7,2.0,1.5,1.6,1.1,1.9,1.6,1.5,1,2.4,1,1.3,1.2,3.7,1,1.0,1,2.1,2.5,3.6,1.8,1,2.4,3.4,1,2.0,2.8,2.4,1.6,2.3,3.0,1,1.4,1
Student 0081,1,2.3,1,1.5,2.9,3.8,5,1.9,1,1,1,2,1,5,1,5,2.6,1.6,2.9,1.8,2.5,2.5,2.5,1,2.7,1,1.9,1.8,5,1,1.8,1,3,2.5,5,3,1,3,3.7,1,2.3,4.2,2.5,1.9,3,4.3,1,2,1
Student 0082,1,1.7,1,1.5,2.8,2.9,2.8,1.9,1,0,1,1.5,1,4.1,1,4.4,2.7,1.2,0.0,1.6,2.6,2.5,2.0,1,2.5,1,1.3,1.2,3.9,1,1.7,1,2.2,2.7,3.2,2.7,1,2.1,3.9,1,2.0,2.9,1.9,1.8,2.0,4.4,1,1.6,1
Student 0083,1,2.2,1,1.9,1.9,3.2,3.8,1.6,1,1,1,1.2,1,3.2,1,4.7,2.2,1.4,2.2,1.6,2.3,2.6,2.6,1,1.8,1,1.6,1.9,4.3,1,1.3,1,2.1,2.8,2.8,1.7,1,1.7,4.0,1,2.3,2.3,1.6,1.6,2.1,3.0,1,1.2,1
Student 0084,1,0.6,0,0.7,1.1,1.9,0.8,0.4,0,0,0,0.4,0,1.9,0,0.9,0.7,0.3,1.1,0.7,0.3,0.7,0.2,0,3,0,0.1,0.8,1.3,0,0.9,0,0.8,0.8,0.5,1.2,0,0.8,2.2,0,0.2,1.3,1.0,0.8,1.0,1.8,0,0.4,0
Student 0085,0,2.4,1,1.8,2.6,0.9,3.9,0.0,0,1,1,1.2,1,4.3,1,3.2,2.3,1.5,2.5,1.4,2.2,2.7,2.6,0,2.4,1,1.1,1.2,4.3,1,1.8,1,2.1,2.4,3.8,2.4,1,2.1,3.4,1,2.1,4.5,1.8,0.0,2.6,3.6,1,1.7,0
Student 0086,1,1.1,1,0.7,1.0,2.9,2.0,1.3,0,0,1,0.8,0,3.0,0,2.5,1.6,0.6,1.9,0.7,1.8,0.9,1.5,1,1.4,1,1.0,1.2,1.5,1,0.6,0,1.8,1.9,2.5,1.4,1,1.0,2.1,0,1.1,2.9,1.7,1.1,1.5,1.8,0,0.9,1
Student 0087,1,1.1,0,0.4,3,0.8,1.0,0.3,1,0,0,0.4,0,1.6,0,1.8,0.9,0.7,0.5,1.0,1.0,0.9,1.5,0,0.8,0,1.0,0.3,5,0,0.7,0,0.7,1.2,1.7,0.4,0,0.8,0.9,0,0.6,2.0,1.6,1.3,0.6,1.9,0,0.3,0
Student 0088,0,0.0,1,1.7,2.4,4.3,0.0,1.8,1,1,1,1.6,1,4.7,1,4.4,2.0,1.3,2.2,1.3,1.9,2.4,2.7,1,2.0,1,0.0,1.9,4.0,0,1.7,1,2.6,1.7,4.5,2.6,1,2.5,4.6,1,2.7,4.6,2.5,1.2,1.7,3.8,1,1.5,1
Student 0089,0,1.6,0,1.3,1.2,1.9,2.4,1.2,0,0,1,2,0,3.2,1,3.3,1.3,0.7,1.6,1.4,1.0,1.1,1.3,1,1.8,1,1.3,0.7,1.7,1,1.1,1,3,2.2,2.2,1.2,0,2.1,2.8,0,2.1,1.8,1.2,0.9,1.4,2.7,1,1.2,1
Student 0090,1,1.1,0,0.4,0.6,1.6,2.7,0.4,1,0,0,0.8,1,2.6,0,1.0,1.3,0.5,1.6,0.4,0.7,1.4,1.4,0,1.6,1,2,0.9,2.2,1,0.9,0,0.8,1.4,2.0,1.0,0,1.5,1.8,0,1.6,2.3,0.9,0.7,0.7,1.2,0,0.4,1
Student 0091,1,2.3,1,1.6,2.0,4.9,3.8,2.0,1,1,1,1.9,1,4.9,1,5,2.7,1.6,2.6,1.8,2.0,2.2,2.7,1,2.9,1,1.4,1.6,3.7,1,1.3,1,2.5,2.9,3.4,2.2,1,2.8,4.6,1,2.6,3.4,2.2,2,2.1,3.6,1,1.8,1
Student 0092,1,0.5,1,1.1,1.6,3.1,3.2,1.3,1,1,1,1.7,1,3.2,1,2.7,1.9,1.1,1.6,1.4,1.8,2.0,2.1,1,2.5,1,1.3,1.5,3.1,1,1.6,1,1.6,2.7,4.4,2.2,1,2.6,4.6,1,2.3,4.4,2.5,1.2,2.6,2.7,1,1.1,1
Student 0093,1,2.4,1,0.0,0.0,3.0,3.6,1.7,1,0,1,1.6,1,3.9,1,4.4,2.5,1.6,1.6,1.1,2.0,1.8,2.5,1,2.2,1,1.3,1.3,3.3,1,1.7,1,2.6,2.2,3.9,1.9,1,1.6,4.3,1,2.3,2.7,1.9,1.3,2.0,3.5,1,1.2,1
Student 0094,0,1.1,0,0.3,0.6,0.7,1.2,0.1,0,0,0,0.6,0,0.8,0,2.1,0.3,0.8,0.6,0.8,1.3,1.1,0.8,0,0.8,0,0.4,0.1,1.9,0,0.9,0,0.3,0.6,0.8,0.7,0,0.7,5,0,0.4,1.0,0.3,0.3,0.5,1.0,0,0.9,0
Student 0095,1,3,1,1.5,2.8,5,3.9,1.9,1,1,1,1.9,1,4.0,1,4.8,2.5,1.7,3,2,3,3,2.2,1,2.8,1,2,1.5,4.6,1,1.8,1,3,3,4.8,2.9,1,2.6,4.8,1,0.6,3.9,3,2,3,5,1,1.7,1
Student 0096,1,2.5,1,1.4,2.7,4.2,3.4,1.6,1,1,0,1.8,1,4.8,1,4.6,1.7,1.5,2.4,1.4,2.0,1.8,2.6,1,2.2,1,1.3,1.9,3.4,1,1.8,1,2.7,2.3,3.0,2.0,1,2.8,3.3,1,1.8,3.9,2.8,1.6,2.8,4.8,1,1.5,1
Student 0097,1,2.3,1,1.4,2.5,2.5,2.2,1.3,1,1,0,1.4,1,2.3,1,2.4,2.0,1.2,1.9,1.1,1.8,1.7,1.5,1,1.8,1,1.4,1.1,3.4,1,1.0,1,2.2,1.9,3.0,1.4,1,1.9,2.2,1,1.5,3.2,1.7,1.2,2.5,3.4,1,1.1,1
Student 0098,0,1.1,0,0.3,0.2,1.2,1.6,0.1,0,0,0,0.1,0,1.8,0,1.1,0.4,0.3,0.7,0.2,0.8,1.1,0.1,0,0.8,0,1.2,0.2,0.6,0,0.4,0,0.8,1.0,1.2,0.3,0,0.5,1.0,0,0.1,0.3,0.4,2,0.9,0.7,0,0.5,0
Student 0099,1,2.0,1,1.5,0.0,2.9,3.4,1.2,1,1,1,1.4,1,3.5,1,3.0,2.3,1.6,1.6,1.2,2.3,1.3,2.4,0,2.4,1,1.6,1.0,0.2,1,1.6,0,2.2,1.7,3.1,2.0,1,2.0,4.0,1,2.5,0.0,2.4,1.4,2.0,3.0,1,1.4,1
Student 0100,0,0.6,0,0.1,0.4,1.3,1.6,0.1,0,0,0,0.6,1,0.0,0,0.0,0.6,0.5,0.4,0.3,0.3,1.0,0.5,0,0.9,0,0.6,0.1,0.5,0,0.1,0,0.1,0.9,0.1,0.7,0,0.1,1.6,0,0.9,1.7,0.0,0.0,0.5,0.0,0,0.2,0
Student 0101,0,1.4,1,1.1,1.0,3.3,3.1,1.1,0,0,0,0.8,0,1.8,0,2.6,1.4,0.7,1.2,1.2,1.6,2.0,1.1,1,1.9,0,1.3,0.9,3.3,0,0.8,1,1.5,1.2,1.8,1.9,1,1.4,2.3,1,1.0,3.0,1.9,0.6,1.9,2.4,1,0.6,0
Student 0102,1,1.0,0,0.9,1.1,1.2,5,0.8,0,0,0,1.0,0,2.0,0,2.4,0.4,0.5,1.3,0.5,0.5,0.7,0.7,0,1.3,0,0.7,0.5,1.7,0,0.9,0,0.8,1.0,1.0,1.0,0,1.3,1.3,0,1.3,2.2,1.3,1.2,0.8,1.6,0,0.8,0
Student 0103,1,3,1,1.6,2.2,4.1,3.9,1.5,1,1,1,1.7,1,5,1,5,3,2,3,1.8,2.6,2.4,2.7,1,2.6,1,2,1.9,5,1,2,1,2.2,3,4.5,2.8,1,3,5,1,3,4.8,3,1.7,2.8,3.8,1,2,1
Student 0104,1,3,1,1.5,2.3,4.7,5,2,1,1,1,1.5,1,5,1,5,3,2,2.4,2,2.4,3,3,1,3,1,2,2,5,1,1.6,1,2.3,2.8,4.5,3,1,2.7,3.9,1,2.3,4.0,3,1.7,2.4,4.3,1,2,1
Student 0105,1,3,1,1.6,3,5,5,2,1,1,1,2,1,4.8,1,5,2.8,1.9,2.4,2,2.8,2.5,3,1,3,1,1.8,2,5,1,2,1,2.8,3,5,3,1,3,5,1,3,4.9,2.6,2,2.7,3.9,1,2,1
Student 0106,0,0.3,0,0.3,0.4,1.8,0.4,0.9,0,0,1,0.6,0,1.4,0,2.1,0.2,0.2,0.7,0.9,0.3,0.8,1.2,0,0.3,1,0.6,0.3,2.8,0,0.4,0,0.2,0.6,0.5,1.0,0,3,1.5,0,1.0,1.8,0.6,0.9,0.3,1.6,0,0.4,0
Student 0107,0,0.9,0,0.6,1.2,1.3,0.1,0.3,0,0,0,0.1,0,0.2,0,0.4,0.7,0.6,0.2,0.7,0.7,3,1.1,0,0.6,0,0.2,0.3,0.7,0,0.4,0,0.4,0.8,1.1,0.4,0,1.6,0.3,0,0.9,1.9,1.1,0.3,0.6,0.6,0,0.0,0
Student 0108,1,2.9,1,1.7,2.2,4.0,3.9,2.0,1,1,1,1.6,1,4.3,1,3.5,2.3,1.9,3,1.5,2.2,2.0,2.7,1,3,1,1.6,1.4,3.3,1,1.8,1,2.7,2.4,3.3,2.0,1,2.4,4.9,1,2.4,4.7,2.5,1.7,2.0,4.3,1,1.5,1
Student 0109,1,2.4,1,1.4,1.8,2.4,3.6,1.8,1,1,1,1.3,1,4.5,1,3.1,2.4,1.3,2.0,1.3,2.3,2.7,3.0,1,2.2,1,1.3,1.8,3.8,1,1.9,1,2.7,3,3.6,2.2,1,2.9,4.8,1,2.3,4.7,3.0,1.5,2.3,3.3,1,1.9,1
Student 0110,0,1.9,0,0.7,1.1,1.7,2.1,1.3,0,1,1,1.4,1,3.0,0,2.2,1.7,1.2,1.1,0.9,1.3,2.0,1.2,1,0.9,0,0.6,1.0,1.8,1,1.1,1,1.1,1.7,3.2,1.5,0,1.7,3.0,1,1.9,2.1,1.6,1.3,1.9,1.8,1,0.8,1
Student 0111,1,2.9,1,1.7,2.9,4.9,4.0,2,1,1,1,2.0,1,4.1,1,3.6,2.3,1.7,2.3,1.9,2.5,1.9,3.0,1,2.3,1,1.2,1.4,3.3,1,1.6,1,2.5,2.9,4.5,2.0,1,2.5,3.1,1,2.9,3.4,2.3,2.0,2.9,0.0,1,1.8,1
Student 0112,1,2.5,1,1.8,2.1,4.7,3.3,1.4,1,1,1,1.8,1,4.0,1,4.1,2.3,2.0,2.8,1.4,1.8,2.5,2.0,1,1.9,1,1.5,0.0,3.8,1,1.4,1,1.9,2.5,4.5,2.8,1,3.0,4.9,1,2.6,3.8,2.3,2.0,2.8,4.0,1,1.3,1
Student 0113,0,0.6,1,0.4,0.5,1.7,1.5,0.6,0,0,0,0.7,0,0.3,0,2.0,0.7,0.5,0.5,0.7,0.8,3,0.4,0,0.8,0,0.9,0.8,0.6,0,0.5,0,1.0,0.5,2.2,0.5,0,1.3,1.2,0,1.0,0.3,0.9,0.8,0.5,0.4,0,2,0
Student 0114,1,2.6,1,1.8,2.1,3.5,4.2,1.5,1,1,1,1.6,1,3.7,1,3.7,2.1,1.2,2.0,1.3,2.0,2.7,1.9,1,1.9,1,1.6,1.6,4.1,1,1.8,1,0.0,2.3,4.1,2.0,0,2.6,3.2,1,2.6,3.9,2.8,1.3,2.0,3.0,1,1.6,1
Student 0115,1,3,1,2,2.5,5,5,2,1,1,1,1.6,1,5,1,4.2,3,1.8,3,1.8,2.7,3,2.3,1,3,1,2,2,4.8,1,1.9,1,3,2.7,5,3,1,3,5,1,3,5,3,2.0,2.3,4.3,1,2,1
Student 0116,1,2.4,1,1.7,2.9,4.1,5,1.9,1,1,1,1.9,1,4.9,1,3.5,3,1.5,2.5,1.9,3,2.6,2.1,1,2.5,1,1.6,1.1,3.6,1,1.4,1,2.4,2.3,5,3,1,3,4.0,1,2.9,5,3,1.4,3,4.8,1,1.7,1
Student 0117,1,2.6,1,1.7,3,3.5,4.3,1.9,1,1,1,1.6,1,4.1,1,4.6,2.6,2,2.9,1.9,2.8,3,2.5,1,2.9,1,2,1.6,4.4,1,1.9,1,2.4,2.5,4.5,2.2,1,2.9,4.5,1,2.9,4.3,3,1.7,3,4.9,1,1.6,1
Student 0118,1,2.2,1,1.2,2.5,3.0,3.6,1.8,1,1,1,1.9,1,4.2,1,4.3,2.8,1.3,2.1,1.6,2.6,2.2,2.5,1,2.0,1,1.0,1.2,4.0,1,1.3,1,2.6,2.0,3.1,2.4,1,2.1,3.0,1,2.2,4.1,2.8,1.3,2.2,4.4,1,1.3,1
Student 0119,1,2.9,1,1.5,2.6,4.6,4.5,1.7,1,1,1,1.8,1,4.1,1,5.0,2.8,0.3,3.0,1.4,2.6,2.3,2.8,1,2.4,1,1.7,1.6,3.3,1,0.0,1,2.8,2.6,4.6,2.2,1,3.0,4.1,1,2.6,3.4,2.3,1.9,2.6,5,1,1.8,1
Student 0120,0,0.8,0,0.0,0.5,1.5,0.0,0.5,0,0,0,0.0,0,0.0,0,0.0,0.3,0.0,0.2,0.6,0.7,0.0,0.6,0,0.2,0,0.4,0.2,1.6,0,0.5,0,0.3,0.0,0.3,0.2,0,0.8,1.1,0,0.6,0.2,0.0,0.0,0.7,0.9,0,0.5,0
Student 0121,1,2.4,1,1.5,2.5,3.3,4.1,1.8,1,1,1,1.7,1,2.7,1,0.3,1.7,1.5,1.8,1.7,2.0,2.3,2.6,1,1.7,1,1.5,1.1,3.3,1,1.6,1,1.7,2.2,2.7,2.4,1,1.6,4.3,1,2.2,4.4,1.9,1.7,2.0,2.9,1,1.4,1
Student 0122,1,2.9,1,2,1.7,3.4,4.8,1.6,1,1,1,2,1,4.5,1,3.4,2.7,1.6,3,2,2.2,0.0,2.8,1,2.5,1,1.8,1.4,4.6,1,2,1,2.6,2.1,5.0,3,1,2.0,4.5,1,3,5,2.4,1.9,2.7,4.3,1,2.0,1
Student 0123,1,1.9,1,1.7,2.0,2.7,3.2,1.4,1,1,1,1.6,1,2.5,1,3.1,2.6,1.3,1.7,1.5,2.2,2.6,2.0,1,2.2,1,1.4,1.4,2.7,1,1.2,1,2.3,2.5,3.3,2.2,1,2.0,3.7,1,2.4,2.8,2.5,1.2,2.1,4.1,1,1.7,1
Student 0124,0,1.0,0,0.5,1.0,1.7,0.9,0.5,1,0,0,1.0,0,0.8,0,0.9,1.3,0.6,3,0.9,1.2,0.5,0.8,0,1.2,0,2,1.0,0.7,0,0.3,0,1.4,1.4,1.0,1.2,0,1.2,5,0,1.2,0.8,0.5,0.8,1.1,2.0,0,2,0
Student 0125,0,1.8,0,1.6,2.3,2.7,3.4,1.5,1,1,1,1.6,1,3.3,0,3.6,2.2,0.9,2.3,1.4,0.6,0.0,1.6,1,1.4,0,1.0,1.1,2.9,1,0.9,0,1.8,1.7,4.0,2.4,1,1.5,3.6,1,1.6,3.4,1.7,0.9,1.8,3.7,1,0.9,0
Student 0126,1,2.6,1,2,2.6,3.9,5,2,1,1,1,2,1,5,1,4.2,3,2,3,2,3,3,3,1,3,1,2,2,5,1,2,1,3,2.8,4.1,3,1,3,4.0,1,3,5,3,2,3,4.8,1,2,1
Student 0127,1,2.6,1,1.7,2.3,3.2,3.5,1.3,1,1,1,1.7,1,3.1,1,4.0,2.5,1.2,2.2,1.4,2.1,2.7,2.5,1,2.7,1,1.9,1.5,3.9,1,1.2,1,2.9,2.3,3.7,2.3,1,2.8,3.3,1,2.3,4.3,2.4,1.5,2.1,4.0,1,1.9,1
Student 0128,1,2.1,1,1.7,2.9,4.3,4.4,1.8,1,1,1,1.7,1,4.1,1,0.0,3.0,1.5,2.5,1.4,3,2.2,2.3,1,2.5,1,1.3,2,4.7,1,1.9,1,3.0,3,3.4,2.0,1,2.9,4.4,1,2.1,4.1,2.2,2,2.2,4.9,1,2,1
Student 0129,0,0.3,0,0.5,0.9,0.8,1.5,0.1,0,0,0,0.6,0,0.4,0,0.0,0.3,0.5,0.8,0.3,0.0,0.2,1.0,0,0.1,0,0.7,0.6,1.4,0,0.6,0,0.7,1.0,1.4,0.7,0,0.4,0.1,0,1.5,0.9,0.8,0.6,0.6,1.5,0,0.1,0
Student 0130,1,3,1,2,2.7,4.4,5,2,1,1,1,1.6,1,5,1,5,3,2,2.3,2,3,3,3,1,3,1,2,1.6,4.0,1,1.8,1,2.9,3,4.0,3,1,2.6,3.8,1,3,4.1,3,2,2.5,5,1,1.5,1
Student 0131,0,1.7,0,0.9,2.3,2.7,2.9,1.0,1,0,0,0.6,0,2.1,0,2.0,1.7,0.9,1.1,0.9,1.1,0.7,0.7,1,1.2,1,0.8,0.6,1.1,0,0.8,0,1.2,0.7,1.9,0.9,0,1.7,2.3,0,1.8,2.6,0.7,0.7,0.7,1.2,1,0.9,0
Student 0132,0,0.6,0,0.1,0.0,1.1,0.0,0.2,0,0,0,0.0,0,0.0,0,0.0,0.5,0.4,0.6,0.0,0.2,0.4,0.4,0,0.3,0,0.5,0.1,0.7,0,0.1,0,0.4,0.0,0.0,0.2,0,0.7,1.4,0,0.6,2.0,0.5,0.1,0.3,1.5,0,0.3,0
Student 0133,1,3.0,1,2,3,3.9,5,2,1,1,1,2,1,5,1,4.2,2.8,2,2.2,2.0,3,2.7,2.6,1,2.3,1,2,2,3.7,1,2,1,2.6,2.8,4.6,2.3,1,2.6,4.4,1,3,5,2.7,2,2.7,5,1,2,1
Student 0134,1,2.2,1,1.5,1.8,4.2,2.9,1.6,1,1,1,0.0,1,3.2,1,3.0,2.5,1.5,2.6,1.6,2.2,2.3,2.5,1,2.8,1,1.4,1.5,4.4,1,1.5,1,1.9,2.0,3.7,2.7,1,2.5,4.1,1,0.4,3.3,2.4,1.7,2.5,3.2,1,1.8,1
Student 0135,1,3,1,2,2.9,5,5,1.8,1,1,1,1.9,1,4.2,1,4.9,3,1.8,3,2,3,3,3,1,2.4,1,2,2,5,1,1.7,1,2.4,2.6,5,3,1,3,5,1,2.8,4.7,3,1.9,2.6,5,1,2,1
Student 0136,1,1.6,0,0.8,1.3,1.7,2.2,1.2,0,0,0,1.0,1,2.2,0,3.2,1.5,1.0,1.5,1.3,1.2,1.0,3.0,1,1.4,1,0.7,1.1,2.6,0,1.1,1,1.0,1.5,2.3,1.4,0,1.5,1.8,1,1.6,3.4,1.5,0.7,1.9,1.9,0,1.1,1
Student 0137,1,1.8,0,1.3,1.8,3.7,3.8,1.7,1,1,1,1.3,1,3.9,1,3.5,2.6,1.1,2.1,1.1,2.3,1.8,2.0,1,2.5,1,1.8,1.7,2.7,1,1.6,1,1.7,2.7,3.0,1.6,1,2.4,2.7,1,1.9,4.5,1.8,1.3,1.1,3.0,1,1.4,1
Student 0138,1,0.0,1,1.4,2.6,3.8,4.3,1.3,1,1,1,1.3,1,4.8,1,4.2,2.9,1.4,1.8,1.6,2.0,1.8,2.4,1,2.6,1,1.9,1.5,3.4,0,1.8,1,2.9,2.6,4.7,2.7,1,2.5,4.3,1,2.4,3.3,2.2,2.0,0.0,4.6,1,1.5,1
Student 0139,0,2.2,0,1.4,2.5,2.5,3.4,1.5,1,1,1,1.6,1,2.3,1,2.5,2.4,1.4,2.1,1.6,1.7,2.3,2.4,1,2.4,1,1.6,1.1,2.5,1,1.0,1,1.7,1.4,3.6,2.0,1,1.7,3.6,1,1.4,3.8,0.0,1.4,2.6,2.9,1,1.0,1
Student 0140,1,2.9,1,1.8,2.0,4.4,3.5,1.4,1,1,1,1.3,1,4.3,1,4.1,1.8,1.5,0.0,1.3,1.8,2.6,2.6,1,2.7,1,1.7,0.0,3.6,1,1.3,1,1.9,2.6,2.9,2.6,1,2.4,3.8,1,2.7,3.3,2.6,1.3,2.4,3.9,1,1.2,1
Student 0141,1,2.7,1,1.8,3,5,3.9,1.7,1,1,1,2,1,5,1,5,2.6,2,2.9,2,2.8,2.2,2.3,1,3,1,1.5,1.8,5,1,2,1,3,2.2,5,3.0,1,2.9,5,1,2.3,4.4,2.6,2,3,5,1,2,1
Student 0142,1,3,1,2,3,5,4.7,2,1,1,1,2,1,5,1,5,3,2,3,2,2.6,3,2.4,1,2.4,1,2,1.5,4.1,1,2,1,3,3,5,3,1,3,5,1,3,5,3,2,3,5,1,2,1
Student 0143,0,1.6,0,1.0,1.0,2.1,1.8,0.6,0,0,0,0.7,0,5,0,2.7,1.4,0.6,1.3,1.0,0.9,1.4,1.3,0,1.7,0,0.7,0.5,2.3,0,0.9,1,1.5,1.7,2.1,0.8,0,1.3,1.4,0,2.0,5,1.4,0.7,0.8,1.3,1,0.9,0
Student 0144,1,2.1,1,1.9,2.8,3.3,4.7,1.7,1,1,1,0.8,1,4.9,1,4.2,2.8,1.6,2.2,1.6,2.5,2.1,3,1,2.3,1,2,1.7,4.2,1,1.4,1,2.2,2.2,4.1,2.0,1,2.9,3.6,1,2.7,3.7,2.3,1.3,2.7,5,1,2,1
Student 0145,0,1.0,1,0.7,0.8,1.5,2.0,0.9,0,0,0,0.8,1,1.2,0,1.7,1.2,0.4,0.9,0.6,1.9,1.4,1.4,0,1.3,0,0.5,0.7,2.8,1,0.8,1,0.8,1.0,1.1,1.7,1,1.5,1.4,0,1.6,2.8,1.4,0.7,1.7,1.3,0,1.0,0
Student 0146,1,2.2,1,1.7,3,3.8,5,2,1,1,1,2,1,5,1,4.6,2.7,2,3,1.7,2.4,2.4,2.6,1,3,1,2.0,1.6,5,1,1.6,1,3,2.8,4.9,2.5,1,3,3.7,1,3,5,3,2,2.6,4.5,1,2,1
Student 0147,1,1.9,1,1.3,1.7,4.7,4.2,1.4,1,1,1,1.3,1,3.6,1,4.8,2.2,1.7,2.5,1.8,1.9,1.7,2.6,0,2.8,1,0.0,1.3,4.3,1,1.7,0,2.5,2.4,2.9,2.9,1,2.1,3.5,1,1.9,4.2,2.5,1.8,1.8,4.4,1,1.3,1
Student 0148,1,2.9,1,1.5,2.4,3.7,4.8,1.7,1,1,1,1.5,1,3.4,1,4.8,2.3,1.9,2.6,2,2.5,2.7,2.2,1,2.0,1,1.9,2,4.0,1,1.5,1,2.0,2.3,4.7,2.7,1,2.7,5,1,2.4,3.2,2.7,1.3,0.0,4.7,1,1.5,1
Student 0149,1,2.1,1,1.4,2.4,3.5,4.1,1.7,1,1,1,1.2,1,3.2,1,3.9,2.1,1.2,1.9,1.6,2.3,0.6,2.4,1,2.5,1,1.8,1.3,4.7,1,1.4,1,1.9,1.8,4.3,0.0,1,2.4,4.5,1,2.0,4.7,1.8,1.7,2.5,2.8,1,1.2,1
Student 0150,1,3.0,1,1.9,2.8,4.9,4.1,2,1,1,1,1.7,1,5,1,5,3.0,2,3,2,3,3,2.4,1,3,1,2,1.9,5.0,1,2,1,3,3,4.3,2.3,1,2.4,5,1,2.4,4.0,3,2,3,5,1,1.9,1
Student 0151,0,2.3,1,0.0,1.6,3.6,4.6,1.8,0,1,1,1.2,1,2.8,1,4.5,2.4,0.0,1.8,1.6,2.3,2.6,1.6,1,2.5,1,1.1,1.6,3.9,0,1.2,1,2.0,1.8,4.5,2.6,1,2.7,3.2,1,2.1,4.6,2.5,1.4,2.6,2.7,1,1.5,1
Student 0152,1,2.4,1,2,2.8,5,4.3,2,1,1,1,2,1,5,1,4.9,3,2,2.6,2,3.0,2.7,3,1,3,1,2,2,5,1,2,1,3,3,5,3,1,3,5,1,3,5,3,2,3,5,1,1.8,1
Student 0153,1,2.2,1,1.5,2.9,3.7,4.8,1.5,1,1,1,1.8,1,4.8,1,4.6,2.9,2,2.2,2,3,2.1,2.7,1,3,1,1.5,1.6,5,1,1.6,1,3,2.8,4.3,2.8,1,2.4,5,1,2.2,4.0,2.4,1.8,3,5,1,1.8,1
Student 0154,1,2.8,1,2,3,5,5,2,1,1,1,2,1,5,1,5,2.5,2,3,2.0,2.9,3,2.7,1,3,1,2,1.6,5,1,1.8,1,3,3,4.9,3,1,3.0,5,1,3,5,3,1.9,3,4.3,1,2,1
Student 0155,1,2.2,0,2,1.8,3.3,1.8,2,1,1,1,0.8,0,2.0,1,2.9,2.3,1.1,1.6,0.8,2.2,1.4,1.3,1,2.1,0,0.8,1.5,3.8,0,1.2,1,1.9,1.1,2.2,1.9,1,1.1,2.8,0,1.4,3.0,2.0,0.9,1.3,2.2,0,1.4,0
Student 0156,1,2.6,1,0.0,1.7,3.5,3.6,1.7,1,1,1,1.5,1,4.2,1,4.0,2.2,1.8,1.9,1.2,1.9,2.5,2.1,1,1.6,1,1.1,1.5,3.3,1,1.4,1,1.6,2.6,1.8,1.8,1,2.0,2.8,1,2.5,4.1,2.1,1.4,2.2,3.6,1,0.0,1
Student 0157,0,1.2,0,0.4,0.4,1.5,0.6,1.0,0,0,0,0.5,0,0.7,0,1.1,0.7,0.6,0.5,0.5,0.7,1.2,1.1,0,3,0,0.9,0.2,4.3,0,0.3,0,0.6,0.7,1.2,1.2,0,1.0,0.9,0,0.3,2.2,0.4,0.4,0.3,5,0,0.6,0
Student 0158,0,0.6,0,0.0,0.3,1.2,1.0,0.4,0,0,0,0.3,0,0.0,0,1.0,0.2,0.5,0.1,0.0,0.0,0.0,0.0,0,0.9,0,0.0,0.4,0.2,0,1.4,0,0.7,0.5,1.2,0.5,0,0.0,0.0,0,0.4,1.5,0.1,0.6,0.7,0.3,0,0.4,0
Student 0159,1,2.2,1,1.7,0.0,3.0,4.2,1.5,1,1,1,0.0,1,3.7,1,3.4,2.9,1.8,2.2,1.7,2.8,1.7,2.7,1,2.6,0,1.2,1.9,2.5,1,1.3,1,2.6,2.8,4.3,2.4,1,2.1,3.7,1,2.2,4.6,2.4,1.2,2.1,4.7,1,1.8,1
Student 0160,1,0.1,1,1.2,2.5,4.0,4.1,1.6,1,1,1,1.7,1,3.5,1,3.9,0.0,1.3,1.6,1.1,2.7,0.0,2.4,1,2.4,1,1.6,1.6,3.0,1,1.1,1,1.9,2.1,4.3,2.2,1,2.4,4.1,1,2.5,2.6,2.1,1.2,2.5,4.3,1,1.3,1
Student 0161,1,3.0,1,2,3,5,5,2,1,1,1,2,1,3.7,1,3.7,2.3,1.8,3,1.6,3,2.0,2.1,1,3,1,1.5,1.4,3.4,1,2,1,2.2,3,3.3,2.9,1,2.7,3.5,1,2.8,4.2,3,2,2.0,3.4,1,2.0,1
Student 0162,1,2.0,1,1.8,2.9,4.6,0.4,1.4,1,1,1,1.5,1,3.5,1,3.6,2.0,1.8,2.9,1.6,2.5,2.9,3,1,2.5,1,1.9,1.6,4.9,1,1.3,1,2.4,3,4.8,1.9,1,3,3.6,1,2.1,3.6,2.2,1.9,3.0,5,1,1.7,1
Student 0163,1,1.2,1,0.8,2.1,1.8,3.5,1.2,1,0,1,0.8,1,2.1,1,3.0,1.3,1.5,1.4,0.9,1.6,1.4,2.1,1,1.9,0,1.0,1.0,2.2,0,1.1,0,1.2,1.7,4.2,1.3,1,1.3,2.1,1,1.2,3.0,1.5,1.0,1.7,2.4,0,1.3,0
Student 0164,1,0.9,0,1.3,1.8,2.7,2.8,0.7,0,0,1,0.6,0,1.7,0,2.7,1.8,0.8,1.4,0.6,2.0,1.8,1.4,1,1.4,0,1.1,1.2,1.8,0,0.6,0,1.4,1.5,2.8,1.0,0,1.8,1.8,1,1.9,1.8,1.5,1.2,1.2,3.1,1,0.9,0
Student 0165,0,0.8,0,0.7,1.8,2.2,0.8,0.9,0,0,0,0.6,0,1.0,0,1.8,1.2,0.6,1.4,0.5,0.6,0.8,0.9,0,0.7,0,0.9,0.9,2.1,0,0.2,0,0.4,0.6,1.1,0.9,0,0.7,0.4,0,0.9,5,0.4,0.5,0.2,0.8,0,0.5,0
Student 0166,0,0.9,0,0.4,1.0,2.2,0.8,0.7,0,0,0,2,0,1.2,0,1.9,0.5,0.7,1.3,0.7,0.6,0.5,1.2,0,1.5,0,1.0,0.6,2.3,0,0.8,0,0.4,1.2,1.0,1.2,0,1.3,1.3,0,1.2,2.1,1.4,0.4,3,0.9,1,0.3,0
Student 0167,1,2.4,1,1.1,2.2,3.1,3.7,1.7,1,1,1,1.5,1,4.0,1,2.9,1.7,1.1,1.8,1.1,1.8,2.3,2.4,0,2.7,1,1.5,1.8,3.7,1,1.1,1,1.6,2.4,3.5,2.8,1,0.0,4.5,1,2.8,3.5,2.1,1.6,2.6,3.8,1,1.5,1
Student 0168,0,1.1,0,1.0,1.4,2.3,2.0,0.7,0,0,0,0.5,0,1.4,0,1.9,0.7,0.9,1.3,0.9,1.5,0.9,1.5,0,1.5,0,0.4,1.0,2.0,0,0.5,0,0.4,1.2,2.5,1.5,0,1.4,1.8,0,1.0,0.7,0.4,0.8,1.4,1.6,0,0.4,0
Student 0169,1,2.0,1,0.0,2.8,4.9,4.9,1.5,1,1,1,1.5,1,4.8,1,4.4,2.8,1.5,3.0,1.8,3,2.9,3,1,2.7,0,1.6,1.7,4.5,1,1.4,1,2.2,2.5,5,2.4,1,3.0,4.4,1,2.5,4.4,3,0.0,2.4,4.5,1,0.0,1
Student 0170,1,2.2,1,1.2,0.0,3.7,4.3,1.7,1,1,1,1.7,1,3.8,1,3.0,2.1,1.6,2.7,1.5,2.6,1.9,2.4,1,2.0,1,1.8,1.1,3.6,1,1.7,1,1.9,2.0,4.6,2.4,1,2.0,3.0,1,2.7,4.2,1.8,1.8,1.9,4.7,1,1.7,1
Student 0171,1,1.7,1,1.1,1.8,3.7,3.5,0.0,1,1,1,1.6,1,4.5,1,4.3,2.4,1.7,2.5,1.1,2.5,2.6,0.0,1,2.4,1,1.1,1.7,3.0,1,1.8,1,0.0,1.9,4.2,2.4,1,2.5,3.7,1,0.0,3.1,1.8,1.5,2.7,2.6,1,1.8,1
Student 0172,0,1.2,1,1.0,1.2,1.8,3.1,1.2,0,1,1,1.1,1,0.0,0,2.3,1.8,0.7,1.5,0.7,1.9,1.5,1.3,0,1.4,1,1.2,1.0,2.4,0,0.6,0,1.7,1.3,2.5,0.8,1,1.5,3.1,0,1.7,1.9,1.6,0.8,1.9,3.0,0,0.0,1
Student 0173,0,0.6,0,0.6,1.8,1.6,2.8,0.8,0,0,0,0.5,0,2.9,1,1.6,1.2,0.7,0.9,0.7,1.5,1.6,3,1,1.2,1,1.1,0.6,1.6,0,1.1,0,1.2,1.1,1.4,0.7,0,1.0,1.6,0,1.6,5,1.2,0.7,0.8,2.5,0,0.5,0
Student 0174,1,1.9,1,1.2,0.0,3.3,4.6,1.5,1,1,1,1.6,1,4.5,1,4.2,2.0,1.4,1.9,0.0,2.1,2.2,2.9,1,2.9,1,1.2,1.2,4.2,1,1.6,1,2.7,2.0,4.6,2.2,1,2.3,4.5,1,2.3,2.9,2.7,1.6,2.2,4.5,1,1.4,1
Student 0175,1,3,1,2,3,5,4.0,1.9,1,1,1,1.6,1,5,1,5,2.9,1.9,2.6,1.5,3,2.4,2.3,1,2.4,1,1.5,1.7,5,1,1.9,1,2.3,2.9,5,3,1,3,5,1,2.6,5,3.0,1.9,2.8,4.8,1,1.7,1
Student 0176,0,1.2,0,0.1,0.6,0.4,0.6,0.6,1,0,0,0.3,0,1.2,0,1.5,1.2,0.6,3,0.2,0.7,0.4,0.7,0,0.7,0,0.2,0.2,1.9,0,0.3,0,0.4,0.9,2.0,1.3,0,0.6,2.2,0,3,1.2,0.6,0.7,0.3,1.0,0,0.3,0
Student 0177,1,3,1,2,2.6,3.9,5,1.8,1,1,1,2,1,5,1,4.5,3,1.9,3,1.7,2.8,3,2.4,1,3,1,1.9,2,5,1,2,1,3,3,5,2.5,1,2.7,5.0,1,3,4.5,3,2,2.9,5,1,2,1
Student 0178,1,3,1,1.7,3,4.2,4.3,1.7,1,1,1,1.7,1,4.1,1,4.5,3,1.8,2.2,1.6,2.9,2.3,3,1,2.6,1,1.6,1.7,4.0,1,2,1,3,2.7,4.1,2.9,1,3,5,1,2.9,3.8,3,2,3,3.8,1,1.9,1
Student 0179,1,2.2,1,0.0,3.0,4.4,4.7,1.8,1,1,1,2.0,1,4.8,0,4.2,2.7,1.3,2.3,1.2,2.6,2.1,2.7,1,2.4,1,1.2,1.6,4.2,1,1.9,1,2.6,2.4,4.3,2.0,1,2.2,3.8,1,2.4,3.3,2.0,1.9,1.9,3.3,1,1.5,1
Student 0180,0,2.5,1,1.8,2.9,3.8,4.2,1.4,1,1,1,1.7,1,4.6,1,4.2,1.8,1.4,2.9,1.2,2.5,2.3,2.3,1,2.7,0,0.0,1.5,4.4,1,1.4,1,1.7,2.5,3.4,2.3,1,2.0,4.2,1,0.0,4.5,2.1,1.6,2.2,4.4,1,1.3,1
Student 0181,1,2.5,1,1.7,2.2,5,5,2,1,1,1,1.8,1,4.1,1,4.1,2.6,1.4,2.3,2,2.7,3,3,1,2.7,1,1.7,2,4.2,1,1.7,1,2.5,3,4.2,3.0,1,3,4.6,1,2.9,3.9,2.4,1.6,3.0,4.8,1,2,1
Student 0182,1,2.8,1,1.8,3.0,4.1,4.5,1.8,1,1,1,1.9,1,4.0,1,4.1,2.1,1.5,3,1.7,2.3,3,2.9,1,2.3,1,1.6,1.9,3.9,1,2,1,2.8,3,5,2.4,1,2.3,4.9,1,2.1,4.0,2.8,1.8,2.1,4.4,0,2,1
Student 0183,1,2.7,1,1.6,2.4,3.7,3.3,1.1,1,1,1,1.6,1,2.8,1,3.7,1.7,1.1,2.2,1.5,1.6,1.9,2.5,1,1.8,1,0.0,1.7,3.5,1,1.3,1,1.7,2.4,3.9,1.8,1,2.3,3.3,1,2.0,4.6,1.5,1.3,1.8,3.5,1,1.6,1
Student 0184,0,0.8,1,1.2,1.2,1.9,3.3,0.7,1,0,0,1.2,0,1.3,1,1.8,0.8,2,1.6,0.5,1.5,1.0,0.8,0,1.6,0,0.6,0.5,1.9,0,1.0,1,0.7,1.0,1.6,1.0,1,0.7,3.1,0,1.7,2.3,0.8,0.9,1.0,2.3,1,1.2,0
Student 0185,1,1.3,0,1.3,2.0,2.0,3.8,1.0,0,1,1,1.5,0,1.9,1,3.7,1.1,1.1,1.9,1.4,1.6,1.4,2.0,1,1.5,0,1.3,0.9,2.1,1,1.3,1,1.3,1.7,3.8,2.1,1,1.3,2.0,1,1.1,2.6,1.3,1.2,1.1,3.1,1,1.3,1
Student 0186,1,2.3,1,1.7,2.7,3.9,5,1.6,1,1,1,1.4,1,4.5,1,4.9,2.4,2,2.9,1.4,3,2.1,2.4,1,3,1,1.7,2,4.4,1,2.0,1,3,2.4,4.1,3,1,2.7,4.3,1,2.2,3.8,3,1.6,2.6,3.5,1,1.6,1
Student 0187,1,2.8,1,1.2,1.8,3.0,4.3,1.4,1,1,1,1.4,1,4.1,1,3.9,0.0,1.5,2.5,1.6,2.3,2.9,1.9,1,2.6,1,1.9,1.8,2.9,1,1.5,1,2.1,2.6,3.0,2.0,1,2.4,3.0,1,2.8,3.7,1.8,1.4,1.9,4.3,1,1.5,1
Student 0188,1,3,1,2,3,5,5,2,1,1,1,1.8,1,3.9,1,5.0,2.6,1.8,3,2,2.2,3.0,3,1,2.7,1,2,2.0,5,1,1.5,1,3,2.4,4.9,3,1,2.7,5,1,2.9,4.9,2.4,1.5,2.5,5,1,1.5,1
Student 0189,1,3,1,1.5,2.0,4.0,5,1.6,1,1,1,1.6,1,3.5,1,4.6,3,1.7,2.4,1.5,2.4,2.0,2.7,1,3.0,1,1.8,1.7,3.8,1,2,1,2.5,2.2,4.5,2.3,1,2.1,4.4,1,2.9,3.7,3,1.9,2.1,3.5,1,1.7,1
Student 0190,0,2.5,1,0.9,1.8,1.7,3.8,1.0,1,1,1,1.2,1,4.0,1,3.9,2.4,1.6,1.7,1.1,1.5,0.0,1.9,1,1.7,1,1.3,1.3,2.5,1,1.6,1,2.4,1.7,4.0,1.3,1,1.9,3.7,0,1.5,0.0,0.0,1.5,2.0,3.5,1,1.3,1
Student 0191,0,0.7,0,0.1,0.0,5,1.5,0.0,0,0,0,0.3,0,1.7,0,0.1,0.0,0.0,0.4,0.6,0.2,0.4,0.6,0,0.2,0,0.3,0.4,0.5,0,0.7,0,0.0,0.6,0.7,0.3,0,3,0.7,0,0.8,0.6,0.3,0.2,0.4,0.2,0,0.4,0
Student 0192,1,1.2,0,0.5,1.1,1.5,2.6,0.5,0,0,0,0.6,0,1.5,1,2.7,1.1,1.5,0.7,1.0,0.7,1.0,1.1,0,1.6,0,0.7,2,1.9,1,0.6,0,0.5,1.5,2.2,1.1,0,0.5,0.9,1,0.8,1.0,0.9,0.3,1.1,1.7,0,0.7,0
Student 0193,1,2.6,1,1.6,3,5,4.2,2.0,1,1,1,2,1,5,1,5,3,2,3,2,2.8,2.4,3,1,2.6,1,2,1.7,5,1,2,1,3,3,5.0,3,1,3,4.2,1,3,5,3,1.5,2.9,5,1,1.9,1
Student 0194,1,3,1,2,3,4.7,3.8,2,1,1,1,2.0,1,4.2,1,3.9,2.5,1.8,3,1.8,2.8,2.2,3,1,3.0,1,1.4,2,3.7,1,1.9,1,3,3,3.6,3,1,3,5,1,2.3,4.0,2.4,1.7,3,5,1,2.0,1
Student 0195,1,3,1,1.6,3.0,3.7,5,1.7,1,1,1,1.9,1,5,1,3.7,3,2,2.3,1.8,2.9,3,2.1,1,3,1,2,1.7,4.3,1,1.9,1,3,2.6,3.8,3,1,2.8,3.7,1,2.1,4.3,2.7,1.8,2.6,4.6,1,1.5,1
Student 0196,1,2.4,1,1.3,2.1,3.0,3.4,1.8,1,0,1,1.6,1,4.2,1,3.2,2.5,1.8,2.2,1.6,0.9,1.8,1.9,1,2.6,1,1.7,1.2,3.4,1,1.2,1,1.5,2.7,3.1,2.1,1,0.0,3.9,1,2.2,2.8,1.8,1.3,2.4,4.2,1,1.4,1
Student 0197,1,1.8,1,1.3,1.7,4.1,2.8,1.4,1,1,1,1.7,1,4.7,1,3.6,2.1,1.8,2.7,1.1,2.6,2.7,0.0,1,2.1,1,0.0,1.7,3.9,1,1.1,1,1.7,1.8,4.5,1.9,1,1.7,3.9,1,2.7,3.4,2.4,1.1,2.8,2.9,1,1.2,1
Student 0198,1,2.0,1,1.6,2.6,4.5,4.1,0.0,1,1,1,1.6,1,5,1,4.1,2.7,1.8,2.8,2,3,2.5,2.8,0,2.2,1,2,1.6,3.3,1,1.7,1,3.0,2.3,5,2.8,1,2.4,3.9,1,2.6,4.1,2.2,2,2.1,4.8,1,1.4,1
Student 0199,1,2.1,1,1.3,2.4,4.5,3.5,1.6,1,1,1,1.9,1,3.6,1,3.2,2.6,1.4,1.8,1.5,2.0,2.0,2.6,1,2.3,1,1.8,1.6,3.2,1,1.7,1,2.3,2.4,3.1,2.7,1,2.3,3.9,1,2.7,3.1,1.2,1.4,2.3,3.9,1,1.6,1
Student 0200,1,2.8,1,0.0,2.7,3.3,2.8,1.6,1,0,1,1.8,1,3.2,1,3.5,2.2,1.7,2.9,1.2,2.3,2.9,2.1,1,2.6,1,1.3,1.9,4.8,1,1.9,1,2.7,2.5,4.1,2.2,1,2.4,3.8,1,2.7,4.0,2.5,1.8,2.4,3.1,1,1.6,1
Student 0201,0,1.4,1,1.4,1.7,3.5,3.6,0.9,1,0,0,1.1,0,3.8,0,3.6,1.5,1.1,1.5,0.8,2.1,2.1,1.8,1,1.5,0,1.0,1.3,2.9,1,0.9,0,1.1,1.5,2.9,2.0,0,1.2,3.7,0,1.5,2.7,2.1,1.2,1.3,3.3,1,0.9,1
Student 0202,0,0.9,0,0.4,0.2,1.3,2.1,0.2,0,0,0,0.6,0,1.0,0,1.6,1.3,0.1,1.2,0.3,0.5,0.8,0.2,0,1.0,0,0.4,0.2,0.6,0,0.1,0,3,0.6,1.5,0.7,0,0.5,0.3,0,1.2,2.2,0.9,0.1,1.2,2.1,0,0.1,0
Student 0203,0,1.6,1,0.9,0.8,1.5,2.9,0.7,1,0,0,1.0,1,2.0,1,2.1,1.6,1.0,1.8,0.5,1.8,1.4,1.7,0,1.2,0,0.7,1.1,1.8,0,0.5,1,1.1,1.2,2.3,0.8,1,1.7,2.1,0,1.7,3.2,1.0,0.8,1.4,1.4,1,0.5,0
Student 0204,0,1.3,0,0.8,0.2,1.8,1.1,0.7,0,1,0,0.4,0,2.3,0,1.7,0.3,0.9,0.7,0.5,1.2,3,1.0,0,0.8,0,0.7,0.2,1.0,0,0.5,0,1.2,1.0,0.6,0.5,0,0.3,0.8,0,0.2,1.5,1.3,0.7,1.1,0.8,0,0.8,0
Student 0205,1,2.1,1,1.2,1.8,3.8,3.3,1.4,1,1,1,1.2,1,3.1,1,3.3,1.6,1.7,2.3,1.2,1.6,2.0,2.4,1,1.6,1,1.2,1.8,2.7,1,1.5,1,1.7,1.6,4.5,2.3,1,2.1,3.1,1,2.3,2.6,2.6,1.5,2.1,2.6,1,1.2,1
Student 0206,1,2.6,1,1.8,2.4,4.2,4.7,2,1,1,1,2,1,5,1,4.5,2.3,1.8,3,1.5,2.8,2.2,2.5,1,2.2,1,1.5,1.8,4.0,0,1.6,1,2.8,2.1,4.1,2.1,1,2.6,5,1,2.1,4.7,3,1.6,3,4.6,1,1.4,1
Student 0207,0,2.1,1,1.1,2.0,3.4,3.7,1.0,1,1,0,0.8,1,1.8,0,3.3,1.4,1.2,1.1,0.8,1.1,1.6,2.0,1,1.9,0,1.3,1.4,2.4,1,0.7,0,2.0,1.7,2.4,1.1,1,1.2,2.4,0,2.1,2.0,1.4,0.8,1.7,4.5,0,0.7,1
Student 0208,1,3,1,1.7,3,5,5,1.7,1,1,1,2,1,5,1,5,3,2,3,2,2.7,3,3,1,3,1,2,2,4.4,1,1.6,1,3,2.7,5,3,1,3,5,1,3,4.5,3,2,3,5,1,2,1
Student 0209,1,2.5,1,1.4,2.8,3.7,4.1,1.3,1,1,0,1.6,1,3.9,1,3.0,2.7,1.8,2.4,1.3,2.9,0.8,2.9,1,2.9,1,1.7,1.5,3.9,0,1.8,1,2.6,2.4,4.6,2.4,1,2.8,3.9,1,2.2,4.1,1.9,1.4,2.3,3.4,1,1.5,1
Student 0210,0,1.7,0,0.6,1.8,1.1,1.4,1.2,0,1,0,0.6,1,2.5,0,3.0,1.7,1.1,2.0,0.8,1.2,1.9,1.3,0,1.1,1,1.2,0.9,2.0,1,0.6,0,1.5,1.3,3.1,0.9,1,1.9,2.5,0,0.8,2.8,1.3,1.0,1.7,1.8,0,1.0,1
Student 0211,0,0.0,0,0.3,0.3,0.0,0.4,0.0,0,0,0,0.4,0,0.2,0,0.0,0.2,0.3,0.0,0.0,0.5,0.0,0.9,0,0.5,0,0.5,0.4,1.3,0,0.6,0,0.0,0.2,0.6,0.8,0,0.6,0.5,0,0.7,1.2,0.1,0.0,0.4,1.4,0,0.4,0
Student 0212,0,1.8,1,0.7,1.5,1.8,3.1,1.4,1,1,0,0.9,1,2.5,1,2.2,1.8,1.5,1.2,1.3,2.1,2.2,1.2,0,2.2,1,0.0,1.1,3.6,0,1.3,0,2.1,1.8,2.7,0.0,0,2.0,3.3,1,1.5,2.9,2.2,0.8,1.4,3.3,1,0.9,0
Student 0213,0,0.7,0,0.7,0.2,1.7,1.2,0.5,0,0,1,0.7,0,0.2,0,0.4,1.0,0.6,0.8,0.2,0.9,0.1,0.5,0,0.4,0,0.2,0.7,0.2,0,0.7,0,0.3,0.8,0.2,0.1,0,1.0,0.7,0,3,1.8,0.8,0.4,0.3,0.3,0,0.0,0
Student 0214,1,1.5,0,0.8,0.9,1.3,1.5,0.4,0,0,1,0.8,0,1.8,0,2.3,0.5,0.7,0.6,0.4,0.4,0.4,0.7,0,1.3,0,0.3,0.5,2.1,0,0.5,0,1.2,1.2,0.9,0.5,0,3,2.3,0,3,2.6,0.9,0.3,0.8,1.3,0,0.4,0
Student 0215,1,1.7,0,1.4,1.8,2.4,3.8,0.0,1,1,1,1.6,1,3.1,1,3.3,2.3,1.5,2.3,1.2,1.6,2.3,1.8,1,1.6,1,1.4,1.0,3.7,0,1.2,1,1.4,2.2,2.4,2.4,1,2.2,2.3,1,0.0,2.1,1.8,1.3,2.0,3.0,1,1.0,1
Student 0216,1,1.8,1,1.4,2.3,3.6,3.4,1.4,1,1,1,1.7,1,4.9,1,4.0,2.6,1.3,2.1,1.9,2.0,1.9,1.8,1,2.4,1,1.3,2.0,4.6,1,1.3,1,2.0,2.1,3.8,2.3,1,2.5,3.9,1,2.9,3.0,1.8,1.6,2.9,4.1,1,1.7,1
Student 0217,0,0.4,0,0.8,0.9,2.4,1.4,0.4,0,0,0,0.8,0,1.6,0,1.8,1.0,0.5,1.0,0.6,1.4,1.0,0.4,0,0.8,0,0.9,0.4,5,0,1.0,0,0.7,3,0.9,0.6,1,0.9,0.8,0,1.5,1.6,0.5,1.2,0.5,2.5,0,0.3,0
Student 0218,0,0.9,0,0.8,0.5,0.9,1.6,1.0,1,0,0,0.4,1,1.4,0,0.9,3,0.6,3,0.5,1.4,3,1.5,0,0.5,0,0.5,0.3,1.0,1,0.9,0,0.5,0.5,1.3,0.6,0,1.3,1.0,1,0.9,1.6,0.5,0.9,0.5,2.4,0,0.7,0
Student 0219,1,1.7,1,1.5,2.6,3.1,4.8,1.4,1,1,1,1.7,1,3.2,1,3.6,2.7,1.9,2.4,1.3,2.6,1.8,1.7,1,2.0,1,1.4,1.5,1.7,1,1.4,1,1.9,2.3,4.0,2.8,1,2.0,4.1,1,2.8,3.9,2.1,1.2,2.4,3.8,1,1.3,1
Student 0220,1,3,1,2,2.3,4.2,4.3,2,1,1,1,1.6,1,5,1,3.9,3,1.5,2.9,1.7,3.0,3,2.5,1,3,1,2,1.5,5,1,2,1,3,3,5.0,2.4,1,2.7,5,1,2.5,3.8,3,2,3,4.5,1,1.6,1
Student 0221,0,0.0,0,0.3,0.7,0.3,1.5,0.6,0,0,0,0.1,0,0.6,0,1.1,0.9,0.0,0.7,0.6,0.2,0.0,0.1,0,0.6,0,0.0,0.4,1.3,0,0.2,0,0.0,0.4,0.7,0.0,0,0.1,0.5,0,0.1,0.0,0.9,0.0,0.0,0.7,0,0.6,0
Student 0222,0,0.1,0,0.7,0.3,1.3,1.6,0.0,0,0,0,0.1,0,1.6,0,0.2,0.0,0.2,0.6,0.3,1.0,0.0,0.8,0,0.6,0,0.5,0.2,0.1,0,2,0,0.0,1.2,1.5,1.0,0,0.2,0.0,0,0.6,1.2,0.3,0.3,0.1,0.7,0,0.1,0
Student 0223,1,2.5,1,1.7,3,5,5,2,1,1,1,1.7,1,3.9,1,4.0,2.9,1.9,2.7,1.6,3,2.4,2.7,1,2.2,1,1.6,2,4.5,1,2,1,2.8,3,5,2.9,1,2.7,5,1,2.7,3.9,3,2,3,5,1,2,1
Student 0224,1,3,1,1.4,2.7,3.7,4.9,2,1,1,1,1.9,1,4.7,1,5,3,2.0,2.1,1.5,2.0,2.0,2.2,1,2.3,1,1.9,2.0,4.2,1,1.6,1,2.4,2.4,4.4,2.1,1,2.1,4.4,1,2.7,4.0,1.5,1.9,2.1,3.4,1,2.0,1
Student 0225,1,2.7,1,2,2.5,3.7,4.6,1.6,1,1,1,1.9,1,5,1,4.9,3,2,3,1.6,3,3,3,1,2.7,1,2.0,1.5,3.6,1,1.7,1,3,2.6,5.0,2.4,1,3,3.9,1,2.8,4.6,3,1.6,2.7,4.8,1,1.5,1
Student 0226,0,0.9,0,0.0,0.5,1.8,0.9,2,0,0,0,0.1,0,1.2,0,5,0.6,0.4,0.1,0.8,0.3,0.8,0.6,0,0.9,0,0.0,0.7,0.6,0,0.7,0,1.6,0.2,0.5,0.0,0,0.3,0.1,0,0.8,1.6,0.8,0.3,0.1,0.4,0,0.2,0
Student 0227,0,2.1,1,1.0,1.3,4.0,3.9,1.2,1,0,1,1.1,1,2.1,0,2.3,1.6,1.2,1.9,1.3,1.8,1.5,1.7,0,2.3,1,1.2,0.9,2.0,1,1.2,1,2.3,1.8,3.6,2.0,0,2.1,3.0,0,2.2,4.7,2.3,1.1,1.4,2.6,1,1.0,0
Student 0228,1,2.0,0,1.4,1.3,3.2,2.7,0.0,0,0,0,0.9,1,2.8,1,2.4,1.4,1.0,1.4,0.8,1.3,1.9,1.2,1,1.7,1,1.3,1.4,2.7,1,0.7,1,2.2,1.3,0.4,1.5,1,1.1,2.8,0,1.5,3.1,2.0,1.4,2.0,3.5,0,1.4,0
Student 0229,0,2.0,1,1.7,2.6,4.8,4.4,1.9,1,1,1,1.8,1,3.2,1,3.7,2.2,1.8,2.7,1.7,2.7,2.5,1.1,1,2.1,1,1.8,2,4.9,1,1.4,1,2.9,3,4.4,1.9,1,2.8,4.7,1,2.3,5,2.0,1.3,2.2,4.4,0,1.3,1
Student 0230,0,1.2,0,0.5,1.3,0.9,1.4,0.2,0,0,0,0.8,0,1.4,0,0.4,0.8,0.8,0.5,0.3,0.4,1.3,1.0,0,1.3,0,0.2,0.5,1.2,0,0.4,0,0.5,1.4,2.0,0.9,0,0.5,1.9,0,2.5,1.6,3,0.7,0.6,1.2,0,0.4,0
Student 0231,1,3,1,1.5,2.7,5,5,2,1,1,1,2,1,4.2,1,3.9,2.8,1.9,2.3,2,3,3,2.8,1,2.9,1,1.7,2,5.0,1,1.5,1,3,2.6,3.7,2.4,1,3,5,1,2.5,4.7,2.5,1.7,3,5,1,1.9,1
Student 0232,0,1.2,0,0.6,0.8,1.6,2.6,1.1,0,1,0,0.6,1,2.4,1,3.1,0.9,1.0,1.0,1.0,1.9,1.1,1.4,0,1.7,0,0.9,1.0,2.0,1,0.7,1,1.2,1.0,2.0,1.8,1,0.9,2.8,1,0.8,1.4,1.5,1.1,1.3,2.7,0,1.1,0
Student 0233,0,0.5,1,0.6,1.0,1.7,1.7,0.4,0,0,0,0.3,0,0.0,0,0.5,0.0,0.5,1.0,0.6,0.0,0.5,0.1,0,0.4,0,0.6,1.5,0.4,0,0.1,0,0.5,0.1,0.9,0.0,0,0.1,0.1,0,0.7,1.4,0.9,0.2,0.8,1.3,0,0.1,0
Student 0234,1,3.0,1,1.4,2.8,3.9,4.9,1.5,1,1,1,1.4,1,3.7,1,3.4,2.8,1.6,2.5,1.3,2.4,2.1,2.8,1,3,1,1.4,1.5,5.0,1,1.5,1,2.6,3.0,3.9,2.3,1,2.8,3.7,1,2.7,3.6,2.5,2,1.9,3.8,1,1.8,1
Student 0235,1,0.9,0,0.0,0.4,1.1,0.0,0.4,0,0,0,0.4,0,0.0,0,0.0,0.8,0.0,0.9,0.1,0.2,0.9,0.2,0,0.9,0,0.5,0.1,0.4,0,0.1,0,0.2,0.4,0.3,0.0,0,0.0,1.2,0,1.0,0.9,0.6,0.1,1.0,0.0,0,0.6,0
Student 0236,0,3,0,0.9,1.3,5,1.5,1.0,0,0,0,0.8,0,1.3,0,1.5,1.4,0.5,1.3,2,1.2,1.1,0.5,0,1.6,0,0.5,0.7,2.3,0,0.9,0,0.5,0.5,1.6,0.9,0,1.5,1.4,0,1.0,2.5,0.9,0.7,0.7,1.6,1,0.3,0
Student 0237,1,2.8,1,1.6,3,4.7,4.5,1.6,1,1,1,1.8,1,4.2,1,4.3,2.2,2,3,2.0,2.8,3.0,2.6,1,2.8,1,1.6,1.9,4.0,1,1.6,1,3,3,5,2.2,1,3,5,1,2.3,0.0,3,1.6,2.8,3.7,1,1.8,1
Student 0238,1,3,1,1.8,3,4.1,3.8,2,1,1,1,1.8,1,4.6,1,4.4,2.1,2,2.7,1.9,2.9,3,2.8,1,2.6,1,1.8,1.9,3.8,1,1.6,1,3,2.4,4.1,3,1,3,3.7,1,3,4.1,3,1.9,3,4.4,1,1.8,1
Student 0239,1,1.3,1,1.8,1.7,4.2,3.0,1.3,1,1,1,1.3,1,3.6,1,0.0,2.7,0.0,1.7,1.7,1.9,2.5,2.1,1,2.4,1,1.2,1.7,4.4,1,1.4,1,2.6,2.2,4.7,2.4,1,2.1,2.9,1,1.9,4.1,2.3,1.4,2.7,4.5,1,1.8,1
Student 0240,0,0.4,0,0.3,1.2,1.7,2.2,0.7,0,0,0,0.8,0,5,0,1.8,1.5,0.6,1.4,0.7,0.6,1.5,0.5,0,1.5,0,0.8,0.3,1.0,0,0.7,1,1.5,0.4,1.0,0.9,0,1.6,1.7,0,0.7,0.9,1.3,0.7,1.4,0.8,0,1.0,0
Student 0241,1,3,1,2,2.6,3.7,5,1.5,1,1,1,2,1,4.3,1,5,3,1.8,2.8,2,2.4,3,2.3,1,2.9,1,1.7,1.8,5,1,2,1,2.5,2.5,4.4,3,1,3,5,1,2.6,4.2,2.3,1.5,2.3,4.3,1,2.0,1
Student 0242,1,0.7,1,1.3,2.0,0.0,2.4,1.1,1,1,1,1.3,1,2.7,1,2.8,1.8,1.2,2.4,1.0,0.0,2.1,1.5,1,2.2,1,1.3,1.3,4.0,0,1.7,1,2.4,1.7,3.5,1.6,1,2.5,3.0,1,1.6,4.2,1.7,1.6,2.0,3.3,1,1.7,1
Student 0243,0,1.3,1,1.3,1.9,2.9,2.4,1.5,0,1,1,1.0,1,2.5,0,2.2,1.7,1.0,1.3,1.0,1.1,1.4,1.8,1,2.3,1,1.0,1.0,3.0,0,1.2,0,2.2,2.2,3.2,1.9,1,2.3,2.6,1,2.2,3.6,2.2,1.5,1.1,1.9,1,1.1,0
Student 0244,1,2.3,1,1.5,2.0,3.8,3.3,1.2,1,1,1,1.1,1,4.0,1,4.1,2.8,1.6,2.4,1.2,1.9,2.7,2.8,1,1.7,0,1.1,1.6,3.7,1,1.7,1,2.1,2.4,3.6,1.9,1,2.6,1.4,1,1.9,4.4,2.0,1.9,2.7,2.9,1,1.4,1
Student 0245,1,2.9,1,1.4,2.1,4.3,3.6,1.7,1,1,1,1.4,1,2.2,1,3.3,2.3,1.6,2.3,1.6,2.9,2.0,2.8,1,1.7,1,1.9,1.2,3.9,1,1.2,1,2.1,1.9,3.8,2.9,1,2.3,3.6,1,2.7,3.6,2.7,1.4,1.8,2.9,1,1.4,1
Student 0246,1,1.8,1,1.0,1.2,2.6,2.4,1.0,1,1,1,2,1,2.5,1,3.1,1.9,1.1,1.3,1.0,2.2,2.5,1.5,0,1.8,1,1.5,1.4,3.1,1,1.1,1,1.7,1.2,2.2,1.6,0,2.4,3.7,1,1.3,2.2,2.0,2,1.6,3.5,0,1.0,0
Student 0247,0,0.9,0,2,1.2,1.3,1.9,0.3,0,0,0,1.0,1,0.7,0,2.2,1.2,1.8,0.7,1.0,1.2,0.6,1.4,0,0.8,0,0.8,0.6,1.0,0,0.4,0,0.9,1.0,1.8,0.4,0,0.9,1.2,0,0.7,1.1,0.6,0.8,1.5,2.5,0,0.7,0
Student 0248,1,2.5,0,1.1,1.0,4.4,4.4,1.2,1,1,1,1.1,1,3.9,1,2.8,1.7,1.5,2.6,1.2,2.0,2.2,0.0,1,2.1,1,1.2,0.0,2.8,1,1.3,1,2.7,2.2,4.2,1.6,1,2.0,4.1,1,2.4,4.2,2.3,1.3,2.4,4.2,1,1.1,1
Student 0249,0,0.5,0,0.2,1.2,2.0,1.5,2,1,0,0,0.2,0,0.7,0,1.1,1.2,0.6,0.8,0.2,0.7,1.2,1.2,0,0.4,1,0.7,1.0,0.5,0,0.7,0,1.0,3,1.2,0.7,0,0.3,1.3,0,1.1,0.7,0.7,2,1.1,1.5,0,0.8,0
Student 0250,1,2.9,1,1.6,3,4.3,5,2,1,1,1,1.3,1,5,1,4.5,3,1.7,2.8,2,2.7,3,2.8,1,2.7,1,1.9,1.8,4.0,1,2,1,2.4,2.9,3.8,2.8,1,3,5,1,2.3,4.2,3,1.7,2.4,5,1,1.5,1
Student 0251,0,2.2,1,1.6,2.4,2.3,2.3,0.0,1,1,0,1.6,1,3.6,1,3.4,1.4,1.5,2.2,1.3,1.6,2.0,1.5,1,0.0,1,1.4,1.1,3.8,1,1.4,0,2.0,1.6,2.4,2.1,1,1.5,3.3,1,1.9,2.8,2.5,1.5,1.9,2.6,1,1.0,1
Student 0252,0,0.7,0,0.0,0.4,0.7,0.3,0.6,0,0,0,0.6,0,0.7,0,0.7,0.6,0.5,0.5,2,0.2,0.1,0.7,0,1.0,0,0.1,0.1,0.0,0,0.0,0,0.9,0.5,1.3,0.6,0,1.0,0.5,0,0.5,0.0,0.0,0.3,0.9,0.4,0,0.0,0
Student 0253,1,2.7,1,1.8,1.8,4.9,4.9,1.4,1,1,1,1.4,1,3.9,1,3.5,2.9,0.0,2.3,1.7,2.8,2.8,2.7,1,0.1,1,0.0,1.9,4.0,1,1.6,1,1.8,1.8,4.5,1.9,1,2.0,4.5,1,2.9,3.1,2.6,1.8,2.1,3.5,1,1.4,1
Student 0254,1,2.4,0,1.8,2.1,3.6,2.8,1.7,1,1,1,0.0,1,4.0,1,3.1,2.1,2,1.6,1.3,1.7,2.7,1.9,1,2.6,0,1.4,1.7,4.1,1,1.3,1,2.7,1.9,4.3,2.0,1,2.7,4.0,1,1.8,2.7,2.3,1.4,2.1,4.1,1,0.0,1
Student 0255,0,1.0,0,0.4,0.3,1.3,1.1,0.2,0,0,0,0.5,0,1.6,0,0.9,2.2,0.4,0.7,0.4,1.2,0.1,0.2,0,0.1,0,0.6,0.6,1.9,0,0.8,0,0.6,1.2,1.0,0.2,0,1.2,1.6,0,0.7,0.9,0.6,0.5,0.2,1.9,0,0.3,0
Student 0256,1,3,1,1.4,1.1,5.0,5,1.6,1,1,1,1.9,1,4.5,1,4.6,2.9,2.0,3,2,3,2.7,3,1,2.1,1,2,1.5,4.4,1,1.7,1,3,2.3,4.1,3,1,2.3,3.9,1,2.3,3.4,2.9,1.6,2.5,3.4,1,1.6,1
Student 0257,0,0.4,0,2,0.7,0.2,0.5,0.4,0,0,0,0.8,0,1.4,0,2.1,0.8,0.3,1.2,0.4,0.1,0.2,1.1,0,1.2,0,0.4,0.2,1.2,0,0.2,0,3,0.5,0.9,0.5,0,0.5,1.4,0,0.6,0.8,0.8,0.8,1.1,2.1,0,0.5,0
Student 0258,1,1.9,1,1.7,2.1,3.2,3.5,1.8,1,1,0,1.2,1,2.9,1,4.1,1.6,1.3,2.5,1.2,1.7,0.7,2.7,1,1.7,1,1.8,1.4,4.6,1,1.7,1,2.0,2.0,4.4,1.9,1,2.6,2.7,1,2.1,2.8,2.2,1.2,1.6,4.5,1,1.7,1
Student 0259,1,1.7,1,1.8,2.5,3.7,2.8,1.5,1,1,1,1.4,1,3.2,1,3.3,2.2,1.6,2.3,1.2,0.5,2.3,2.3,1,2.0,1,1.4,1.6,4.1,1,1.3,1,1.8,1.9,3.2,2.7,1,2.6,2.6,1,2.2,3.9,2.7,1.2,1.6,2.7,1,1.2,1
Student 0260,0,0.9,0,0.8,1.3,2.9,1.3,0.8,0,0,1,0.6,1,1.4,0,1.8,1.3,0.6,1.0,0.8,0.9,1.1,1.4,1,1.7,0,1.1,0.6,2.0,1,0.5,0,1.0,1.8,1.6,3,0,3,1.7,0,1.8,2.5,0.8,0.6,3,2.1,0,0.7,0
Student 0261,1,1.7,1,0.7,1.0,1.4,2.0,1.5,0,0,1,0.7,0,2.2,0,1.2,1.0,1.0,1.5,0.6,1.1,1.5,1.1,0,1.0,0,0.8,0.4,2.7,0,0.4,0,1.6,1.5,3.0,1.6,0,0.8,1.4,0,0.9,1.5,1.4,0.4,1.4,5,0,0.8,0
Student 0262,0,1.3,0,0.7,1.3,1.6,2.7,0.7,0,0,0,0.4,0,4.6,0,2.1,1.6,0.7,0.6,1.1,1.7,1.0,1.4,0,1.2,0,0.4,0.6,1.3,1,0.8,0,1.3,0.6,1.2,0.8,0,1.5,2.8,1,1.5,2.5,1.3,0.6,1.2,1.9,0,0.4,0
Student 0263,1,2.2,1,1.9,2.7,3.4,3.0,1.5,1,1,1,2.0,1,3.3,1,4.8,2.6,1.6,1.9,1.5,2.2,1.8,2.3,1,2.4,1,1.8,1.6,4.8,1,1.7,1,2.6,2.4,1.5,2.1,1,1.9,4.9,1,2.2,3.2,2.1,1.9,2.8,3.8,1,1.8,1
Student 0264,1,1.9,1,1.5,2.0,1.2,3.9,1.2,1,1,1,1.5,1,3.6,1,4.5,2.3,0.0,1.8,1.0,2.7,2.1,2.1,1,2.5,1,1.5,1.2,2.9,1,1.7,1,2.2,1.8,3.1,1.6,1,2.7,4.1,1,2.7,3.6,1.9,1.1,1.9,2.8,1,1.2,1
Student 0265,1,3,1,2,3,5,4.6,2,1,1,1,1.8,1,5,1,5,2.5,2,3.0,1.7,3,3,3,1,2.7,1,1.6,1.8,5,1,1.8,1,2.4,2.7,5,3,1,3,5,1,2.7,4.5,3.0,2,3,5,1,2,1
Student 0266,1,0.0,1,1.7,2.7,3.4,3.3,1.8,1,1,0,1.5,0,4.0,1,4.1,2.6,1.4,2.3,1.5,2.0,2.1,2.3,1,2.1,1,0.0,0.0,3.2,1,1.3,1,2.3,1.9,3.6,2.3,1,2.3,3.7,1,1.6,4.5,2.4,1.4,2.7,3.0,1,1.6,1
Student 0267,1,2.7,1,1.7,2.7,4.3,5,1.8,1,1,1,1.6,1,3.8,1,3.9,2.1,1.5,2.2,2,2.7,2.9,2.0,1,2.5,1,2,1.3,4.4,1,1.8,1,2.7,1.3,4.4,2.5,1,2.9,5,1,2.3,4.7,2.2,1.6,2.1,5,1,1.5,1
Student 0268,1,3,1,2,2.3,3.6,4.8,2,1,1,1,1.9,1,5,1,4.1,2.3,1.8,2.3,1.5,2.2,2.9,3,1,2.8,1,1.6,2,4.7,1,1.8,1,2.4,2.8,5,2.7,1,3,5,1,2.8,4.8,2.7,2.0,2.8,4.7,1,2.0,1
Student 0269,1,2.6,1,1.6,2.1,3.4,4.0,1.2,1,1,1,1.7,1,4.2,1,3.6,2.0,1.8,1.8,0.0,2.4,1.7,1.8,0,2.3,1,1.8,1.3,4.6,1,1.5,1,2.8,2.9,2.8,2.3,1,2.1,4.6,1,2.0,3.9,2.1,1.8,1.9,3.4,1,1.2,1
Student 0270,0,1.4,1,2,1.6,3.2,2.7,2,1,1,1,1.4,0,2.9,0,2.1,2.4,1.1,1.6,0.8,2.3,1.5,1.9,1,2.3,0,1.0,1.3,2.9,1,2,1,1.4,2.0,3.1,1.8,1,2.0,3.6,0,2.2,2.9,1.4,1.7,1.3,2.6,0,1.0,1
Student 0271,1,1.9,1,1.6,2.4,3.8,2.3,1.3,1,1,1,1.8,1,4.9,1,3.6,2.7,0.0,2.9,1.5,2.9,2.8,1.9,1,2.3,1,1.9,1.6,4.9,1,1.4,1,1.8,2.6,5.0,2.7,1,2.8,3.2,1,2.2,3.2,2.3,2.0,2.0,3.7,1,1.7,1
Student 0272,1,3,1,2,3,4.2,4.6,1.7,1,1,1,2,1,4.8,1,3.9,3,1.3,2.5,1.8,3,2.7,2.7,1,2.7,1,1.5,2,5,1,1.7,1,3,2.5,5,3,1,2.6,5,1,2.7,4.2,3,1.8,2.9,3.6,1,1.4,0
Student 0273,0,1.7,0,0.4,0.5,1.2,1.4,2,0,0,0,1.0,1,1.4,0,1.4,0.9,0.8,1.5,0.4,0.7,0.6,1.0,0,1.6,0,1.1,0.8,2.0,0,0.4,0,0.7,1.0,2.0,1.5,1,1.6,2.2,1,1.1,2.6,1.0,2,0.7,1.4,0,1.0,0
Student 0274,0,0.4,0,0.3,1.1,0.6,0.9,0.3,0,0,1,0.5,0,1.9,0,0.4,0.3,0.1,0.5,0.3,0.3,0.3,0.1,0,0.0,0,0.7,0.1,1.4,0,0.2,0,0.2,0.7,1.7,0.7,0,0.4,5,0,0.4,1.6,0.7,0.1,0.2,0.3,0,0.5,0
Student 0275,1,1.8,1,1.6,1.7,2.9,3.5,1.7,1,1,1,1.4,1,4.3,1,3.8,2.4,1.2,2.5,0.0,2.3,1.8,1.8,1,1.8,1,1.3,1.7,3.8,1,1.7,1,2.6,2.7,4.7,1.7,1,2.8,4.7,1,0.0,4.1,2.0,1.3,2.7,3.2,1,1.3,1
Student 0276,0,0.7,0,0.6,0.0,0.0,0.2,0.1,0,0,0,0.3,0,0.7,0,1.1,0.2,0.0,0.7,0.5,0.0,0.7,0.0,0,0.0,0,0.2,0.1,0.4,0,0.0,0,0.9,1.5,0.8,1.0,0,1.0,0.0,0,0.3,0.4,0.4,0.3,0.8,1.4,0,0.6,0
Student 0277,0,1.3,0,2,0.9,1.7,1.8,0.7,0,0,0,0.3,0,0.9,0,1.6,1.3,0.2,1.3,0.7,0.8,0.3,0.4,0,1.1,0,0.8,0.8,2.0,0,0.8,0,0.5,0.3,1.8,0.6,0,0.6,1.1,0,0.7,1.5,0.5,0.4,0.6,1.4,0,0.9,0
Student 0278,1,2.8,1,0.1,2.1,4.5,4.5,1.6,1,1,1,1.8,1,4.5,1,3.9,2.2,1.7,3,1.5,2.3,2.2,3,1,3,1,1.5,1.8,3.9,1,1.8,1,2.3,3,3.7,3.0,1,3.0,5,1,2.6,4.0,3,2.0,2.4,4.8,1,2.0,1
Student 0279,1,3,1,1.8,3,5.0,3.5,1.8,1,1,1,1.4,1,4.4,1,4.3,2.6,1.5,2.4,1.4,2.5,2.4,2.1,1,2.8,1,2,1.6,3.6,1,1.5,1,2.6,2.2,4.0,2.4,1,3,4.9,1,2.5,3.4,3,2,2.3,5,1,1.9,1
Student 0280,1,2.1,1,1.6,2.7,4.1,3.5,2.0,1,1,1,1.9,1,5,1,3.5,3,1.8,3.0,2,2.2,2.2,2.9,1,2.7,1,1.4,1.5,4.1,1,1.8,1,2.9,2.5,3.4,2.0,1,3,2.9,1,2.5,4.9,2.8,1.4,2.4,4.5,1,2,1
Student 0281,1,2.5,1,1.5,1.6,4.0,3.0,1.6,1,1,1,1.4,1,4.3,1,3.5,2.1,1.5,2.7,1.6,1.7,2.2,2.2,1,1.8,1,1.8,1.3,3.4,1,1.3,1,2.1,2.4,2.8,2.5,1,2.4,3.0,1,0.0,2.9,1.9,1.5,2.1,4.1,1,1.8,1
Student 0282,1,2.4,1,0.0,2.4,3.8,3.6,1.6,1,1,1,1.7,1,4.1,1,4.1,2.2,1.8,2.8,1.2,0.0,2.6,1.8,1,2.4,1,1.3,1.4,4.4,1,1.8,0,2.7,2.3,4.7,1.8,1,1.8,3.8,1,2.8,4.3,2.5,1.9,2.6,3.6,1,1.6,1
Student 0283,1,2.0,1,1.8,2.4,3.8,4.5,1.7,1,1,1,1.7,1,3.2,1,3.2,1.7,1.8,1.9,1.5,2.1,1.7,2.5,1,1.7,1,0.0,1.8,3.6,1,1.4,1,2.2,2.3,2.8,2.7,1,2.2,3.2,1,1.6,3.1,1.4,1.6,2.7,3.1,1,1.8,1
Student 0284,1,2.2,1,1.9,2.3,3.8,4.4,2,1,1,1,1.6,1,5.0,1,4.6,2.8,1.4,2.2,1.8,2.1,3,2.8,1,3,1,1.7,1.9,5,1,2,1,2.6,2.1,3.5,3,1,2.7,4.1,1,2.2,3.7,2.1,2,2.4,4.7,1,1.8,1
Student 0285,1,3,0,2,2.7,5,3.8,2.0,1,1,1,1.8,1,4.5,1,3.5,2.9,2,0.0,1.7,2.8,1.9,2.9,1,2.5,1,1.4,1.5,3.7,1,1.6,1,2.2,2.1,3.2,2.1,1,3,4.3,1,2.7,4.2,3,1.8,2.1,3.3,1,1.7,1
Student 0286,1,2.3,1,1.4,2.3,3.6,3.8,1.7,1,1,1,1.9,1,4.6,1,4.3,3,2,3,1.4,2.6,2.7,3,1,2.2,1,2.0,1.6,4.2,1,1.5,1,2.4,2.7,5,2.3,1,2.7,3.7,1,2.5,4.9,2.3,1.9,2.8,4.3,1,1.8,1
Student 0287,1,1.5,1,1.0,2.0,3.2,4.1,0.0,0,1,1,1.3,1,3.3,0,3.0,1.6,1.2,1.6,0.9,1.6,1.4,1.9,1,1.8,1,1.5,1.1,2.4,0,1.5,1,1.4,2.0,2.5,1.9,1,2.3,3.1,1,1.4,3.2,2.3,1.3,0.9,3.3,1,1.5,1
Student 0288,1,2.5,1,1.0,1.9,2.8,4.3,1.3,1,1,1,1.3,0,3.7,1,3.8,1.4,1.3,2.1,1.5,1.5,2.1,2.0,1,0.0,1,1.4,1.0,2.9,1,0.1,1,1.6,2.6,2.4,1.8,1,2.6,3.7,1,1.8,4.2,2.0,1.0,2.6,3.1,0,1.2,1
Student 0289,1,2.0,1,1.7,2.2,3.9,4.6,1.9,1,0,1,1.4,1,3.8,1,3.4,2.3,1.7,1.3,1.4,2.3,2.7,2.4,1,2.2,1,1.9,1.4,4.4,1,1.4,1,1.9,2.5,3.7,1.9,1,2.2,3.9,1,2.1,3.7,2.8,1.4,2.6,3.6,1,1.2,1
Student 0290,1,0.3,1,0.8,0.6,1.5,0.8,2,0,1,0,0.2,0,1.8,0,0.9,1.0,0.2,1.3,0.3,0.3,1.1,0.9,0,0.3,0,0.3,0.5,1.9,0,0.9,0,0.7,0.5,1.7,0.8,0,0.5,1.9,0,1.3,0.6,1.2,0.7,1.4,1.2,0,0.4,0
Student 0291,1,2.8,1,1.3,2.2,4.6,3.6,1.4,1,1,1,1.7,1,4.0,1,3.2,2.1,1.6,2.9,1.3,2.2,2.0,2.6,1,1.9,1,2.0,2.0,4.7,1,1.2,1,0.3,2.9,3.6,2.7,1,2.2,3.0,1,2.3,3.1,2.8,1.8,2.5,4.9,1,1.2,1
Student 0292,0,0.0,0,0.1,0.5,0.0,0.1,0.1,0,0,0,0.6,0,0.0,0,0.6,0.3,0.5,0.8,0.6,0.7,0.2,0.3,0,1.5,0,0.0,0.1,0.0,0,0.3,0,0.2,0.0,0.9,0.0,1,0.8,0.6,0,0.0,0.4,0.0,0.6,0.9,0.5,0,0.0,0
Student 0293,0,0.3,0,0.9,3,0.8,1.8,0.9,0,0,0,0.9,0,1.0,0,1.4,0.7,0.5,0.9,0.6,1.3,1.4,0.5,0,0.7,0,0.3,0.3,4.3,0,0.6,0,0.5,0.4,2.1,1.4,0,1.3,2.1,0,0.4,0.7,1.2,0.5,0.5,0.4,0,0.6,0
Student 0294,0,0.6,0,0.7,0.8,0.8,2.5,0.7,1,0,0,0.7,0,1.0,0,0.9,0.8,0.7,1.0,0.9,3,3,3,1,0.8,1,0.4,0.9,1.0,0,0.3,0,1.0,0.5,2.0,1.2,0,0.4,2.0,0,0.7,0.9,0.5,0.6,0.6,1.5,0,0.7,0
Student 0295,0,1.4,1,0.8,1.2,1.2,2.0,0.5,0,1,0,1.0,1,1.2,1,1.2,1.5,1.0,1.7,1.0,1.2,0.8,0.9,1,1.0,1,0.7,0.7,2.3,0,1.0,0,2.6,1.7,2.8,0.9,0,1.5,1.7,1,1.4,2.1,1.3,1.1,1.3,1.4,0,0.9,1
Student 0296,1,1.7,0,0.5,0.8,2.8,2.2,1.0,0,0,0,0.8,1,2.1,0,2.2,1.2,1.3,0.8,0.8,1.2,1.5,1.3,0,1.8,0,0.7,0.6,1.9,0,1.0,0,0.8,1.3,1.9,1.4,0,1.1,5,1,1.8,2.3,1.5,2,0.8,3.1,0,0.6,0
Student 0297,1,3,1,2,3,4.3,4.4,2,1,1,1,2,1,5,1,5,2.9,1.9,3,2,3,3,2.9,1,2.8,1,2,2,4.6,1,2,1,3,3,4.8,2.8,1,2.7,5,1,3.0,3.9,2.4,1.5,2.8,3.9,1,2,1
Student 0298,1,2.0,1,0.9,1.1,2.9,1.7,2,1,0,0,0.6,0,1.7,0,3.1,1.0,1.3,0.9,0.7,1.4,0.9,1.2,1,1.0,0,1.1,0.6,2.2,0,0.7,1,1.7,1.0,3.2,1.2,0,0.8,1.5,1,3,1.6,1.5,0.8,1.4,3.1,1,1.1,1
Student 0299,1,2.6,1,1.3,2.2,3.9,3.7,1.0,1,1,1,1.1,0,3.0,1,3.7,2.5,0.0,2.5,1.3,1.6,1.8,1.7,1,1.6,1,1.2,1.1,3.7,1,1.7,1,1.6,2.6,4.0,1.6,1,1.8,3.4,1,2.7,3.3,2.4,1.2,1.9,2.8,1,1.5,1
Student 0300,1,2.7,1,2,3,4.0,3.8,1.8,1,1,1,1.8,1,5,1,5,2.6,2,3,1.6,3,3,3,1,2.6,1,2,2,4.5,1,2,1,3,3,5,2.3,1,2.9,5,1,2.5,5,3,2,3,5,1,1.9,1
Student 0301,1,3,1,2,3,5,4.9,2,1,1,1,1.6,1,4.6,1,5,3,2,2.7,2,2.5,2.9,3,1,3,1,2,2,4.9,1,1.6,1,3,3,4.8,3,1,3,5,1,2.8,5,3,2,3,4.7,1,1.7,1
Student 0302,1,2.3,1,2,2.4,4.0,4.6,2,1,1,1,1.7,0,4.2,1,1.7,3,1.4,2.1,1.7,3,2.1,2.5,1,2.5,1,1.8,1.4,5,1,1.5,1,2.6,2.1,4.1,2.4,1,2.8,5,1,3,4.3,2.6,1.6,2.9,3.6,1,1.4,1
Student 0303,0,1.6,0,1.0,0.9,2.3,2.4,1.0,0,0,0,0.6,1,3.2,1,2.1,1.3,1.1,1.4,1.2,1.9,1.2,0.8,0,1.4,1,0.6,1.2,1.7,0,1.2,0,1.2,0.8,2.0,1.6,1,1.1,2.1,1,1.4,3.2,1.1,0.9,1.4,2.5,1,1.1,1
Student 0304,1,2.5,1,1.0,2.7,3.0,1.1,1.3,1,1,1,1.5,1,4.1,1,2.7,1.9,1.2,1.5,1.3,2.3,2.6,2.4,1,2.1,1,1.2,1.4,3.5,1,1.5,1,2.1,2.0,3.1,2.2,1,1.7,3.2,1,1.7,4.1,2.2,1.5,2.1,3.2,1,1.7,1
Student 0305,1,2.7,1,1.3,2.3,3.9,2.8,0.0,0,1,1,1.3,1,4.5,1,3.3,0.0,1.6,2.2,1.5,1.8,0.0,2.2,1,1.6,1,1.2,1.3,3.9,1,1.5,1,2.2,2.2,4.2,1.7,1,1.7,4.2,1,2.4,4.2,2.3,1.4,2.0,4.6,1,1.6,1
Student 0306,0,1.0,0,1.1,1.6,2.7,1.7,0.8,0,0,0,0.7,0,3.0,1,1.8,1.0,0.7,1.3,0.9,1.2,1.5,1.7,0,1.1,1,0.6,1.0,2.1,0,0.7,0,1.5,0.7,2.0,1.2,1,1.4,2.7,1,1.0,2.1,1.6,0.6,1.3,1.9,1,0.7,0
Student 0307,1,3.0,1,1.3,2.0,0.0,4.9,1.9,1,1,1,1.4,1,5.0,1,4.1,2.4,1.9,3,1.6,2.3,3,2.1,1,2.9,1,1.5,1.8,4.9,1,1.8,1,2.4,2.4,3.3,2.0,1,2.1,4.1,1,1.8,4.8,2.0,1.5,2.5,4.6,1,1.5,1
Student 0308,1,2.8,1,1.9,2.7,4.7,3.3,1.3,1,1,1,1.1,1,5,1,3.9,1.9,1.5,2.3,1.3,2.7,2.1,1.9,1,2.0,1,1.6,1.7,4.9,1,2,0,3,2.4,4.1,2.8,1,2.2,5,1,2.4,4.1,2.6,1.4,2.2,4.2,1,1.6,1
Student 0309,0,0.9,0,0.1,1.1,1.7,0.1,0.7,0,0,0,0.0,0,0.8,0,0.9,0.3,0.4,0.4,0.5,1.8,1.0,0.9,0,0.4,0,0.8,0.4,0.7,0,0.4,0,0.0,0.0,1.7,0.5,0,0.6,0.9,0,0.5,0.0,0.3,2,1.0,0.5,0,0.7,0
Student 0310,1,1.9,1,1.7,1.7,3.8,2.2,1.7,1,1,1,1.1,1,4.0,0,4.4,2.0,1.4,2.2,1.6,1.6,2.2,1.9,1,2.5,1,1.4,1.6,3.1,1,1.3,1,1.6,1.7,3.5,2.3,1,2.6,0.0,0,1.6,3.8,2.6,1.6,1.6,2.6,1,1.7,1
Student 0311,1,2.8,1,2,3,4.4,5,2,1,1,1,1.9,1,3.8,1,4.1,2.9,1.4,2.4,1.9,2.9,2.4,2.2,1,3,1,2,2,3.6,1,2,1,2.2,2.6,4.8,2.8,1,3,4.9,1,2.2,5.0,2.4,1.9,3,5,1,1.8,1
Student 0312,1,2.9,1,2,3,5,4.9,1.5,1,1,1,1.8,1,3.9,1,4.3,2.7,1.9,2.2,2,2.6,2.3,2.1,1,2.2,1,2,1.7,5,1,2,1,2.3,2.7,3.6,2.5,1,2.9,4.5,1,2.2,3.8,3,1.7,2.7,5,1,1.5,1
Student 0313,1,2.6,1,1.8,2.2,3.4,4.8,2.0,1,1,1,2,1,3.8,1,3.4,2.2,1.4,2.2,1.4,2.9,3.0,2.1,1,2.2,1,1.3,1.3,4.6,1,1.5,1,2.1,3.0,4.0,1.9,1,2.8,1.8,1,2.5,4.2,2.3,1.5,2.1,4.8,1,1.8,1
Student 0314,1,2.4,1,1.5,3,3.5,3.5,1.8,1,1,1,1.7,1,3.5,1,3.8,3,1.8,3.0,1.7,3,2.5,3,1,3,1,1.5,1.6,4.0,1,1.9,1,2.4,2.5,3.4,2.7,1,2.8,4.1,1,3,4.1,2.3,1.4,2.8,3.8,1,2,1
Student 0315,1,2.1,1,1.9,2.8,4.8,4.0,1.8,1,1,1,1.2,1,4.8,1,3.9,0.0,1.7,2.8,1.5,2.5,1.8,2.9,1,2.2,1,1.7,1.3,3.5,1,1.2,1,1.7,2.7,3.6,2.6,1,1.4,0.0,1,2.7,3.4,2.0,1.5,2.7,3.9,1,1.9,1
Student 0316,1,3,1,2,3,5,4.7,2,1,1,1,2,1,5,1,5,2.9,1.6,3,2,3,3,2.8,1,3,1,1.9,2,4.1,1,1.6,1,3,3,5,2.9,1,2.5,4.5,1,2.5,5,3,2,3,5,1,1.9,1
Student 0317,1,2.8,1,0.0,2.6,2.7,4.1,1.4,1,1,1,1.7,1,4.3,1,4.1,2.4,1.4,1.6,1.1,2.6,2.4,1.9,1,2.6,1,1.2,1.6,3.8,1,1.7,1,2.1,2.2,2.8,1.9,1,2.2,2.8,1,1.0,3.8,2.3,0.0,2.1,4.1,1,1.6,1
Student 0318,1,2.5,1,1.8,2.9,3.5,4.5,1.5,1,1,1,1.9,1,3.5,1,3.8,3,2,2.7,2,2.1,3,2.1,1,2.6,1,2,2,4.1,1,1.9,1,2.6,3,5,2.8,1,2.7,4.9,1,2.1,5.0,2.6,2.0,3,3.5,1,1.6,1
Student 0319,1,2.4,1,1.5,2.7,3.6,4.7,1.9,1,1,1,1.2,1,3.7,1,3.9,2.1,1.9,2.1,1.4,2.7,1.9,2.4,1,2.1,1,1.3,1.4,4.7,1,1.7,1,2.4,2.9,3.3,2.3,1,2.1,3.8,1,2.2,4.6,2.7,1.3,0.6,3.7,1,1.9,1
Student 0320,0,1.2,0,0.5,1.5,2.3,2.3,0.4,0,0,0,0.8,0,2.4,0,2.1,1.5,0.9,1.0,0.9,0.8,1.2,1.1,0,0.4,0,0.7,0.8,2.2,0,0.8,0,1.2,1.2,2.7,1.5,0,0.6,1.5,0,1.0,1.4,1.2,0.8,1.5,0.7,0,0.9,0
Student 0321,1,2.9,1,2,2.4,5,4.2,2,1,1,1,2,1,5,1,5,2.9,2,3,1.7,3,3,2.9,1,2.5,1,2,1.9,5,1,1.8,1,3,3,5,2.5,1,3,5,1,3,5,3,1.7,3,5,1,1.5,1
Student 0322,1,3,1,1.9,3,5,5,2,1,1,1,2,1,5,1,5,3,1.8,3.0,2,2.4,3,2.6,1,2.3,1,1.6,1.8,5,1,1.9,1,3,2.8,4.7,2.7,1,2.8,4.6,1,2.9,5,2.3,2,3,5,1,1.9,1
Student 0323,1,2.2,1,1.9,2.1,3.4,3.1,1.7,1,1,0,2,1,4.6,1,4.3,2.6,2.0,2.4,1.9,2.5,2.3,3,1,3,1,2,1.9,4.5,1,1.8,1,2.9,2.4,4.0,2.9,1,2.8,3.7,1,2.9,3.7,2.9,2,3.0,4.7,1,1.6,1
Student 0324,1,2.8,1,1.4,1.7,3.7,4.0,1.7,1,1,1,1.3,1,3.5,1,4.7,2.5,1.9,2.9,1.9,2.1,2.2,2.0,1,2.5,1,1.9,1.4,3.6,1,1.9,1,2.0,2.1,3.6,2.9,1,0.0,4.3,1,1.9,4.6,2.5,1.4,2.6,5,1,1.2,1
Student 0325,0,1.1,0,0.5,0.9,2.1,1.9,0.4,0,0,0,0.7,0,0.7,0,1.9,1.1,0.7,0.4,0.4,1.2,0.6,0.4,0,1.3,0,0.5,0.6,1.4,0,0.9,0,0.9,0.3,1.5,0.2,0,1.3,0.4,0,1.1,2.0,0.6,0.8,0.6,1.4,0,0.9,0
Student 0326,1,3,1,2.0,3,5,5,2,1,1,1,2,1,4.9,1,4.7,3,2,3,1.7,3.0,3,3,1,3,1,2,2,5,1,2,1,3,3,4.9,2.4,1,3,4.3,1,2.6,5,2.5,1.9,2.4,5,1,2,1
Student 0327,1,2.7,1,1.7,2.9,3.8,5,2,1,1,1,1.6,1,4.5,0,5,3,2.0,2.8,2,3,2.7,3,1,3,1,2,2,3.8,1,2,1,2.5,2.6,5,2.9,1,2.4,4.7,1,2.6,5,3,1.5,3.0,4.2,1,2,1
Student 0328,1,2.4,1,1.4,3,4.3,4.3,1.5,1,1,1,1.5,1,3.6,1,3.4,2.4,2,2.5,2,2.3,3,2.9,1,2.2,1,1.6,1.3,4.5,1,1.3,1,2.0,2.7,3.5,2.6,1,2.0,4.2,1,2.5,4.2,2.1,2,3.0,4.8,1,1.8,1
Student 0329,1,1.7,1,0.0,1.7,2.9,3.3,1.6,1,1,1,1.1,1,3.2,0,2.7,2.3,1.0,1.9,1.1,2.3,1.5,2.1,1,1.6,1,1.1,1.0,2.6,1,1.6,1,2.3,1.5,3.3,2.3,1,2.5,3.8,1,2.2,3.0,2.1,1.0,2.0,3.2,1,1.5,1
Student 0330,1,2.2,1,1.5,2.5,3.0,4.2,1.3,1,1,1,1.3,0,2.9,1,4.3,1.9,1.7,1.8,1.1,2.2,2.5,2.5,1,1.5,1,1.0,1.6,3.5,1,1.0,1,2.1,1.9,3.7,2.0,0,1.6,1.2,1,2.6,4.0,1.6,1.1,2.1,3.5,1,1.3,0
Student 0331,0,3,1,1.9,2.4,0.0,3.6,1.3,1,1,1,1.9,1,5,1,4.4,2.2,2,2.0,2,2.8,2.9,3,1,2.7,1,1.6,2.0,4.7,1,1.8,1,3.0,2.2,5,2.2,1,2.4,3.3,1,2.0,4.5,2.9,2,3,4.7,1,2,1
Student 0332,1,2.2,1,1.4,2.7,3.5,3.8,2,1,1,1,1.5,1,4.0,1,5,3.0,1.9,2.4,1.9,2.8,3,2.7,1,2.4,1,2,2,5,1,1.6,1,2.5,2.2,4.0,3,1,3.0,4.7,1,2.5,4.4,2.5,1.9,2.9,4.9,1,1.8,1
Student 0333,0,0.0,0,0.6,0.2,0.7,0.6,0.6,1,1,0,0.0,0,0.0,0,1.2,0.1,0.7,0.5,0.2,0.6,0.2,0.5,0,0.8,0,0.0,0.2,0.7,0,0.2,0,1.0,0.7,5,0.1,0,0.6,1.1,0,0.8,0.4,0.1,0.2,0.5,1.5,0,0.4,0
Student 0334,1,1.8,1,1.1,2.4,2.9,3.2,1.7,1,1,1,1.5,1,2.9,1,4.4,2.2,0.9,1.7,1.5,1.7,2.8,2.5,1,2.2,1,1.1,1.3,3.4,1,1.4,1,2.3,2.4,3.5,1.8,1,2.0,4.1,1,2.4,2.7,2.0,1.8,1.8,4.6,1,1.8,1
Student 0335,1,2.7,1,1.4,2.9,4.0,3.3,1.4,1,1,0,2.0,1,4.2,1,4.4,2.1,1.9,2.9,1.7,2.3,0.0,3.0,1,2.8,1,1.5,1.8,3.2,1,2.0,1,2.5,2.2,3.6,2.9,1,2.8,4.3,1,3,5,2.2,1.9,2.0,4.1,0,1.4,1
Student 0336,1,2.1,1,1.4,1.8,3.1,4.6,1.5,1,1,1,1.5,1,3.7,1,3.2,2.5,1.7,1.6,1.5,2.2,2.6,1.6,1,2.4,0,1.8,0.4,4.0,1,1.6,1,2.5,2.0,3.3,2.1,1,2.2,2.8,1,1.9,2.7,2.3,1.6,2.6,2.6,1,1.4,1
Student 0337,0,0.5,0,0.5,1.1,1.0,1.9,0.0,1,0,0,0.5,0,0.1,1,1.5,0.5,2,0.9,0.8,0.3,0.4,0.6,0,0.2,0,0.2,0.3,1.5,0,0.7,0,0.2,0.0,0.0,0.3,0,0.7,0.6,0,0.1,0.9,1.1,0.3,0.1,0.1,1,0.3,0
Student 0338,1,1.7,1,1.6,1.4,3.1,2.7,1.1,0,1,0,1.4,1,2.2,1,2.6,2.1,1.1,2.3,1.4,1.6,2.2,1.8,1,2.0,1,1.5,1.3,4.1,0,1.5,1,1.8,2.3,1.4,1.4,1,1.9,4.1,0,1.6,3.7,1.8,1.5,1.4,3.1,1,1.2,1
Student 0339,0,3,1,1.7,2.4,5,5,2,1,1,1,1.9,1,5,1,5,2.8,2,2.4,2.0,2.8,2.4,2.8,1,2.6,1,2,1.8,5,1,2.0,1,3,2.7,5,3,1,3,4.5,1,2.5,4.2,3,1.7,0.0,5,0,1.6,1
Student 0340,1,2.1,1,2,2.2,5,3.4,1.3,1,1,1,1.8,1,4.7,1,4.5,2.1,1.3,2.2,1.7,2.8,2.4,3,1,2.0,1,1.8,1.4,3.5,1,1.7,1,3.0,3.0,3.2,2.6,1,2.2,3.5,1,2.4,3.1,1.9,1.5,1.9,4.0,1,1.4,1
Student 0341,1,2.5,1,1.7,3,5,4.0,1.5,1,1,1,1.9,1,3.9,1,5,2.9,1.8,2.8,1.9,2.9,3.0,2.3,1,2.3,1,1.6,1.7,5,1,2,1,3,3,5,2.2,1,3,4.6,1,2.6,4.8,2.8,1.6,2.4,5,1,2,1
Student 0342,0,0.7,1,1.1,0.6,1.2,2.4,0.7,1,1,0,0.9,0,1.4,0,2.7,1.1,1.0,0.6,0.5,1.4,1.4,0.7,0,1.2,0,1.0,1.0,2.0,0,0.6,0,0.7,0.7,2.0,1.4,0,1.6,2.1,0,1.2,1.9,1.1,0.8,1.4,2.8,0,0.5,0
Student 0343,1,2.2,1,1.3,2.0,4.4,3.3,1.2,1,1,1,1.0,1,4.5,1,3.2,1.9,1.4,1.7,1.1,1.9,2.2,2.7,1,2.2,1,1.7,1.4,4.6,1,1.9,1,1.8,2.1,2.9,0.0,1,1.8,3.6,1,2.5,4.7,2.3,1.7,2.5,4.7,1,1.3,1
Student 0344,0,2.3,1,1.6,1.5,3.3,3.2,1.6,1,1,1,1.7,1,3.1,1,1.7,1.5,1.6,1.7,0.0,2.6,2.0,1.7,1,2.0,1,1.2,1.3,3.0,1,1.6,1,1.7,1.6,4.2,2.5,1,2.1,2.8,1,1.6,3.6,2.2,1.2,1.9,4.2,1,1.7,1
Student 0345,0,1.9,1,1.3,1.8,3.4,4.4,1.6,1,1,1,1.5,1,4.6,1,3.8,2.8,1.9,2.9,1.3,3.0,2.8,2.9,0,2.1,1,1.6,1.5,4.1,0,1.6,1,2.6,1.9,3.1,2.3,1,1.8,3.9,1,1.8,3.8,2.3,1.6,2.5,4.7,1,1.6,1
Student 0346,0,0.0,0,0.0,0.4,0.6,0.0,0.2,0,0,0,0.1,0,0.5,0,0.0,0.9,0.5,0.6,0.3,0.0,0.6,0.3,0,0.2,0,0.4,0.0,0.2,0,0.4,0,0.8,0.4,0.0,0.2,0,0.1,0.6,0,0.5,2.8,0.5,0.4,0.0,0.0,0,0.0,0
Student 0347,1,0.9,1,1.2,1.7,2.3,1.6,0.7,0,0,0,1.1,0,2.8,0,3.0,1.2,0.7,1.8,1.2,0.8,1.2,1.6,1,1.4,1,1.3,1.2,3.2,1,1.1,1,0.9,1.6,2.5,1.3,0,1.5,1.9,0,1.0,1.4,1.8,0.7,1.6,2.9,0,0.0,0
Student 0348,1,2.4,1,0.0,2.3,3.8,4.6,1.5,1,1,1,1.9,1,4.7,0,5,2.8,1.7,2.6,1.5,2.8,2.7,0.0,1,1.9,1,1.5,1.7,4.8,1,1.7,1,2.1,3,4.0,3.0,1,2.7,4.4,1,2.9,4.2,2.6,1.7,0.0,4.8,1,1.4,1
Student 0349,1,2.4,1,1.8,2.3,3.5,3.4,1.4,1,1,1,1.8,1,3.1,1,4.5,2.6,1.7,2.2,1.4,2.5,2.8,1.9,1,2.2,1,1.2,1.6,3.4,1,1.4,1,2.4,2.8,4.7,2.9,1,2.0,4.1,1,2.4,3.7,2.3,1.3,2.8,4.1,1,1.3,1
Student 0350,0,0.8,1,0.3,1.0,0.5,1.7,0.3,0,0,0,0.8,0,2.2,0,1.1,0.9,0.3,0.1,0.9,1.2,0.9,0.8,0,0.2,0,0.3,0.7,2.0,0,0.9,0,0.4,0.5,1.7,0.8,0,0.7,1.3,0,1.3,1.9,0.5,0.8,0.3,0.2,0,0.6,0
Student 0351,1,3,1,1.7,2.9,5,4.9,2,1,1,1,1.5,1,4.3,1,5,2.2,1.8,3,1.8,3,3,2.2,1,2.6,1,2,1.7,3.7,1,1.9,0,3,2.5,5,2.8,1,3,5,1,2.8,4.1,2.4,1.5,2.8,5,1,2,1
Student 0352,0,0.6,0,0.1,0.2,0.0,1.6,2,0,1,0,0.1,0,0.0,0,0.0,0.5,0.0,0.5,0.2,0.4,0.6,0.7,0,0.0,0,0.2,0.2,0.0,0,0.2,0,0.3,0.0,1.2,0.8,0,0.4,0.7,0,0.7,1.2,0.4,0.3,0.0,0.0,0,0.4,0
Student 0353,1,3,1,2,3,5,5,1.8,1,1,1,2,1,5,1,5,2.4,2.0,3,2,3,3,3,1,2.6,1,1.9,2,3.9,1,2,1,2.8,3,5,3,1,2.5,3.9,1,3,4.2,3,1.9,3,5,1,2,1
Student 0354,1,2.4,1,1.6,2.3,3.9,5,1.9,1,1,1,2,1,5,1,4.6,3,1.5,3,2,2.5,3,2.5,1,2.7,1,1.9,2,5,1,2.0,1,3,3,4.1,2.8,1,2.6,5,1,2.5,5,3,1.5,2.5,4.0,1,2,1
Student 0355,1,1.8,1,1.8,1.7,4.6,4.3,1.6,1,1,1,1.5,1,4.4,1,3.4,2.1,1.3,2.1,1.1,2.7,2.0,1.9,1,2.2,1,1.3,1.2,4.1,1,1.1,1,2.7,2.4,1.0,2.1,1,2.6,0.0,1,1.9,3.6,2.5,1.7,2.4,2.6,1,1.5,1
Student 0356,0,0.3,0,0.4,0.5,0.4,1.3,0.9,0,0,0,0.6,0,1.7,0,5,2.1,0.4,0.4,0.7,1.0,0.3,0.9,0,3,0,0.2,0.5,0.7,0,0.9,0,1.3,0.4,2.0,1.1,0,0.5,1.2,0,1.2,0.6,0.6,0.9,1.2,0.6,0,0.7,0
Student 0357,1,2.2,1,1.3,2.6,4.3,3.9,2.0,1,1,1,1.4,1,4.4,0,4.3,2.3,1.7,2.5,1.3,2.9,2.4,1.0,1,3,1,1.7,1.4,4.0,1,1.7,1,2.2,2.6,3.4,2.1,1,2.5,3.6,1,2.2,4.8,2.2,1.8,2.9,4.1,1,1.9,1
Student 0358,1,1.8,1,1.4,2.8,4.3,4.4,1.7,1,1,0,1.3,1,4.1,1,3.1,2.6,1.7,0.0,1.9,2.6,2.4,2.5,1,2.7,1,1.8,1.9,3.1,1,0.0,1,2.0,2.1,3.3,2.6,1,2.7,3.7,1,2.0,3.5,2.2,1.7,1.8,3.7,1,1.5,1
Student 0359,1,2.6,1,1.6,2.3,3.3,4.2,1.7,1,1,1,1.4,1,2.9,1,3.7,2.6,1.4,1.9,1.5,2.3,1.7,2.2,1,2.3,1,1.7,1.3,3.7,1,1.5,1,2.4,2.3,4.1,2.3,1,2.5,3.9,1,2.7,3.3,2.4,1.4,1.8,4.0,1,1.7,1
Student 0360,1,3.0,1,2,3.0,5,5,2,1,1,1,1.9,1,4.4,1,4.7,2.6,1.5,3,2,3,3,3,1,3.0,1,1.8,2,5.0,1,2,1,3,3,5,2.4,1,3,4.6,1,2.4,3.8,3,2,3,4.3,1,1.6,1
Student 0361,1,1.0,0,0.6,2.0,2.3,1.8,0.8,1,0,0,1.4,1,1.7,0,3.4,2.0,1.2,1.4,0.6,1.5,1.0,1.7,0,1.4,0,0.8,0.9,1.8,1,0.8,1,1.7,3,3.3,1.3,1,1.2,1.6,1,1.7,2.0,1.7,1.2,2.0,2.0,1,0.8,0
Student 0362,1,2.1,1,1.4,2.7,3.5,4.9,1.5,1,1,1,1.8,1,4.7,1,3.5,3,1.4,3,1.9,2.4,3,2.1,1,2.9,1,1.9,1.5,4.7,1,1.5,1,3,2.7,5,2.1,1,2.4,4.1,1,3,4.1,2.5,1.9,2.8,4.1,1,0.4,1
Student 0363,0,1.0,1,0.6,0.5,2.4,2.3,1.0,0,0,0,0.6,0,2.2,0,0.8,1.2,1.0,1.3,0.6,1.3,1.6,1.5,0,1.4,1,0.3,0.4,2.5,0,0.3,0,1.3,0.9,2.2,0.8,0,1.1,3.2,0,1.5,1.0,1.5,0.9,0.5,2.1,0,0.7,0
Student 0364,1,1.9,1,1.2,2.5,4.2,3.7,1.2,1,1,1,1.8,1,3.0,0,3.5,2.9,1.5,2.1,0.0,2.4,2.5,2.8,1,2.2,1,1.2,1.6,3.7,1,1.9,1,2.2,2.8,3.8,1.7,1,2.7,4.4,1,2.5,4.1,2.4,0.0,1.7,4.4,1,1.8,1
Student 0365,0,1.1,0,2,1.7,2.0,2.4,2,0,1,0,0.5,0,2.0,0,2.0,0.7,1.0,0.8,0.9,0.8,0.8,1.2,1,0.8,0,0.4,0.8,1.7,0,0.8,0,1.1,1.2,2.8,0.8,0,1.4,2.5,1,0.9,1.7,1.5,1.0,1.0,1.1,1,1.1,0
Student 0366,0,2.4,1,1.5,1.8,3.4,4.6,1.4,1,1,1,1.4,1,4.7,1,3.7,2.0,1.2,2.2,1.4,2.9,1.0,2.4,1,2.2,1,1.9,1.4,3.6,1,1.6,1,2.2,2.8,3.5,1.8,1,2.5,4.8,1,1.9,4.5,2.8,1.2,2.0,3.2,1,1.7,0
Student 0367,1,3,1,2,3,3.7,4.4,2,1,1,1,1.5,1,4.6,1,3.8,3.0,2,3,1.5,3,2.4,3,1,2.4,1,1.6,1.9,5,1,2,1,2.8,3,4.6,3,1,2.6,3.6,1,2.7,5,3,1.6,3,4.7,1,1.8,1
Student 0368,1,3,1,1.7,2.6,3.6,3.8,1.6,1,1,1,1.5,1,3.7,1,5,3,2,2.8,2.0,2.2,2.3,2.6,1,2.5,1,2,1.8,3.8,1,1.6,1,2.7,2.4,5.0,2.6,1,2.8,4.6,1,2.6,4.9,3.0,1.4,2.8,4.2,1,1.6,1
Student 0369,1,3,1,1.6,2.7,5,4.1,1.9,1,1,1,2.0,1,4.0,1,4.4,3,1.9,2.3,2,2.7,2.3,2.3,1,2.1,1,1.8,2,5,1,2,1,2.7,2.3,4.0,3,1,2.6,4.5,1,3,5,2.4,1.4,3,4.4,1,1.7,1
Student 0370,1,2.7,1,1.3,2.8,4.1,2.7,1.8,1,1,1,1.4,1,2.8,1,4.1,2.4,1.8,1.9,0.0,2.1,2.3,2.0,1,2.1,1,1.8,1.7,2.9,1,1.2,1,2.5,1.7,2.9,2.1,1,1.7,4.2,1,2.0,3.4,1.7,1.1,1.7,4.4,1,1.6,1
Student 0371,0,0.3,0,0.1,3,0.0,0.4,0.3,0,0,0,1.3,0,0.0,0,0.6,0.4,0.4,0.2,0.0,1.0,0.1,0.0,0,0.8,0,0.2,0.4,1.6,0,0.2,0,0.7,0.3,0.5,0.8,0,0.2,0.7,0,0.0,0.3,0.0,0.4,0.0,1.1,0,0.1,0
Student 0372,1,1.8,1,1.1,1.6,3.0,3.9,1.4,1,1,1,1.7,1,4.2,1,0.1,2.4,1.4,2.5,1.4,2.2,2.1,2.1,1,1.7,1,1.3,1.2,3.5,1,1.1,1,2.4,2.3,3.4,2.0,1,2.2,4.3,1,2.5,4.1,2.2,1.1,2.6,2.9,1,1.3,1
Student 0373,1,1.8,1,1.7,2.1,2.7,2.8,1.1,1,0,0,1.7,1,3.1,1,3.7,2.2,1.2,2.3,1.3,2.6,2.4,2.5,1,2.7,0,1.6,0.0,3.5,1,1.1,1,1.7,2.5,4.4,2.1,1,1.6,4.4,1,2.1,4.2,2.1,1.4,2.0,2.7,1,1.8,1
Student 0374,1,2.8,1,1.6,2.7,3.6,3.7,1.9,1,1,1,1.4,1,3.7,1,4.1,2.2,1.3,2.3,1.2,2.4,2.8,2.7,1,1.9,1,1.6,1.8,4.0,0,1.7,1,2.1,0.0,3.1,2.2,1,2.8,4.0,1,1.8,4.2,2.4,1.3,0.0,3.3,1,1.8,1
Student 0375,0,1.2,0,0.5,3,0.7,1.0,0.7,0,0,0,0.5,0,4.4,0,0.4,0.2,0.2,0.9,0.7,0.3,1.1,0.9,0,1.3,0,0.2,2,0.3,0,0.1,0,1.2,1.2,0.4,0.6,0,0.2,0.7,0,0.4,0.6,0.6,0.5,0.1,0.6,0,0.8,0
Student 0376,1,2.3,1,1.2,2.7,2.8,4.3,1.4,1,1,1,1.4,1,4.6,1,3.5,2.8,1.7,2.6,1.7,2.4,1.7,1.2,1,2.3,1,1.7,1.5,3.0,1,1.5,1,1.9,1.8,4.4,1.9,1,1.7,4.0,1,2.7,4.0,2.0,1.1,1.8,0.0,1,1.8,0
Student 0377,1,2.9,1,1.7,3,5,5,2,1,1,1,1.8,1,3.9,1,3.8,2.5,1.8,2.5,1.0,3,2.4,2.8,1,3,1,2.0,2,3.7,1,2,1,2.7,2.7,5,3,1,3,4.5,1,3,5,3,1.8,3,4.7,1,2,1
Student 0378,0,1.3,0,2,0.3,2.1,1.2,0.2,0,0,0,0.7,0,0.8,0,1.8,1.2,0.4,0.8,0.4,1.9,1.4,0.5,0,0.5,0,0.8,0.4,1.9,0,0.7,0,0.9,0.4,1.6,1.1,0,0.3,1.9,0,0.5,2.0,1.3,0.2,1.1,2.3,0,0.3,0
Student 0379,1,1.3,0,0.9,1.5,2.8,3.1,1.1,1,1,0,0.6,1,1.9,1,2.5,1.1,1.3,1.3,0.9,1.8,2.0,1.4,1,1.6,0,0.7,1.0,3.0,1,0.0,0,1.2,1.2,1.8,0.9,0,1.3,1.9,1,1.0,2.0,1.6,0.0,1.2,1.9,1,1.2,0
Student 0380,1,2.8,0,2,2.9,5,4.0,0.9,1,1,1,1.6,1,5,1,3.7,2.2,2,2.6,1.7,2.5,2.7,3,1,2.2,1,2.0,1.8,4.9,1,1.4,1,2.3,2.5,5,2.2,1,3,5,1,2.9,4.9,2.3,1.4,2.8,4.4,1,2,1
Student 0381,1,2.1,1,1.8,2.8,4.3,5.0,1.6,1,1,1,2,1,4.6,1,3.8,2.7,2,3,1.5,2.2,3,2.2,1,3,1,1.6,1.9,3.7,1,1.7,1,2.5,3,3.5,2.2,1,3,4.3,1,2.0,5,2.3,2.0,2.6,3.7,1,1.7,1
Student 0382,0,1.4,0,0.3,0.8,1.0,2.2,0.8,0,0,0,0.7,0,2.7,0,1.9,2.8,0.7,1.5,0.7,0.7,0.8,0.6,0,1.0,0,1.0,0.6,2.8,0,0.4,0,1.7,1.5,1.7,3,0,1.5,1.9,0,1.6,2.6,1.2,0.7,0.6,0.9,0,0.4,1
Student 0383,1,3,1,1.9,3,4.1,3.6,1.9,1,1,1,2,1,3.6,1,4.0,2.4,2,2.8,2,2.5,3,3,1,2.5,1,2,1.8,4.7,1,1.9,1,2.6,2.4,5,2.3,1,2.4,4.5,1,2.8,3.8,2.9,1.8,2.2,5,1,1.5,1
Student 0384,1,2.2,1,1.8,2.6,4.5,3.8,1.8,1,1,1,1.8,1,1.4,1,3.7,2.5,1.6,3.0,1.3,2.3,2.9,2.2,1,2.4,1,1.8,1.2,4.3,1,1.3,1,1.9,2.7,4.9,2.9,1,2.4,4.7,1,2.2,3.9,2.2,1.9,2.5,4.1,1,1.3,1
Student 0385,1,2.3,1,1.8,2.1,4.2,3.5,1.7,1,1,1,1.9,1,4.0,1,4.3,2.0,2.0,2.4,2,2.6,2.6,3,1,2.7,1,1.4,2,3.4,1,1.4,1,2.8,3.0,3.7,3,1,2.3,3.5,1,2.3,5,2.6,2.0,3,4.6,1,1.6,1
Student 0386,0,0.7,0,0.7,1.2,2.8,1.4,0.6,1,0,0,1.1,1,2.1,0,1.0,1.5,0.5,0.5,0.3,1.2,1.0,1.3,1,1.4,0,2,1.0,1.3,0,0.6,0,0.9,1.3,1.9,0.7,1,0.8,1.6,0,0.9,1.3,0.6,0.5,1.0,4.5,0,0.9,0
Student 0387,1,0.9,0,1.1,1.7,1.7,2.1,0.7,0,1,0,0.8,0,1.2,0,2.2,1.8,1.0,0.8,1.4,1.6,1.5,1.7,1,0.6,0,0.6,0.9,2.6,0,0.4,0,1.6,0.8,2.7,1.1,0,1.2,2.7,0,1.4,2.0,1.4,0.9,1.2,1.7,1,0.5,0
Student 0388,0,1.7,1,0.0,0.0,3.9,2.7,1.0,1,1,0,1.0,0,2.2,1,3.5,2.3,1.4,1.3,0.7,1.7,2.1,1.4,1,2.2,0,1.5,0.0,3.5,1,0.0,1,2.2,2.4,3.6,2.3,1,1.9,3.8,1,2.3,2.0,2.2,0.0,1.6,3.3,1,1.4,1
Student 0389,1,2.9,1,1.3,1.9,2.5,4.1,1.6,1,1,1,1.8,1,3.4,0,4.3,2.3,1.7,1.9,1.9,1.9,1.9,2.2,1,2.9,1,1.7,1.7,3.1,1,1.2,1,2.7,2.5,4.8,2.0,1,2.7,4.4,1,2.4,4.2,2.2,1.6,2.2,3.3,1,1.5,1
Student 0390,1,3,1,2,3,5,4.6,1.9,1,1,1,1.7,1,5,1,5,3,2,2.7,2,3,2.5,3,1,2.8,1,2,2,4.8,1,2,1,2.5,3,4.2,2.9,1,3,5,1,3,4.6,3.0,1.9,2.8,4.7,1,2,1
Student 0391,1,2.0,1,1.5,2.0,0.9,4.0,1.7,1,1,1,1.7,1,3.9,1,4.3,2.0,1.9,2.4,1.9,2.5,2.0,2.4,1,2.5,1,1.6,1.9,4.9,1,1.4,1,2.3,2.7,3.8,2.2,1,2.1,4.6,1,2.6,3.6,2.4,2,2.0,4.4,1,2.0,1
Student 0392,1,2.1,1,1.3,2.6,2.5,3.7,1.8,1,1,1,1.9,1,4.3,0,4.7,2.8,0.0,2.8,1.3,1.9,0.0,2.0,1,0.0,1,1.5,1.3,3.9,1,1.6,1,2.7,2.9,4.8,2.5,1,2.8,3.9,1,2.8,4.0,2.2,1.9,2.2,3.8,1,1.7,1
Student 0393,1,2.3,1,1.9,3.0,4.4,3.5,2,1,1,1,1.7,1,4.8,1,4.1,2.1,1.2,3.0,1.5,2.3,2.4,3,1,2.3,1,1.4,1.9,3.3,1,1.6,1,2.6,2.3,3.3,2.5,1,2.3,4.7,1,2.9,4.4,2.5,2,2.2,3.7,0,2,1
Student 0394,1,2.6,1,1.5,2.5,3.7,3.5,1.5,1,1,1,1.5,1,3.9,1,3.9,2.1,1.3,2.4,0.0,2.7,0.0,2.7,1,2.0,1,1.4,1.5,3.7,0,1.8,1,2.3,1.9,3.1,2.6,1,2.0,3.5,1,2.6,4.1,2.0,1.3,2.0,3.5,1,1.3,1
Student 0395,0,2.3,0,1.0,1.5,3.8,2.6,1.4,1,1,1,1.1,1,2.7,0,3.1,1.3,1.4,1.9,0.9,1.5,1.8,1.6,1,1.1,1,0.9,0.8,2.1,0,0.8,1,2.3,2.1,3.0,1.7,1,1.2,2.4,0,2.2,2.9,1.4,1.0,1.3,2.1,1,1.3,1
Student 0396,1,2.0,1,1.7,1.7,4.5,4.4,1.5,1,1,1,1.8,1,4.1,1,4.0,1.9,1.6,2.1,1.4,2.4,2.6,2.4,1,1.8,1,1.9,1.2,4.5,1,1.4,0,2.3,2.5,4.0,1.7,1,2.5,3.3,1,2.7,3.5,0.0,1.2,2.1,2.9,1,1.6,1
Student 0397,1,2.3,1,1.4,2.3,3.0,2.8,1.3,1,1,1,1.4,1,3.5,1,3.4,2.6,1.7,1.9,1.5,2.1,2.2,1.6,1,2.0,0,1.5,1.6,2.9,1,1.1,1,2.2,1.9,4.0,1.8,1,2.2,4.3,1,2.5,4.2,2.4,1.2,1.6,3.9,1,1.4,1
Student 0398,0,2.2,1,1.6,2.6,4.3,3.1,1.2,1,1,1,1.5,1,4.1,1,3.7,1.9,1.8,2.8,1.4,1.8,2.3,2.8,1,2.3,1,1.4,1.2,4.3,0,1.4,1,2.9,2.1,2.8,2.8,1,1.8,4.6,1,2.3,4.8,2.4,1.7,1.7,0.0,1,1.8,1
Student 0399,1,2.3,1,1.8,2.0,3.6,3.3,1.3,1,1,1,1.7,1,4.4,1,3.3,2.6,1.7,2.7,1.8,2.9,2.7,2.2,1,2.8,1,1.6,1.4,4.8,1,1.6,1,2.9,2.1,3.3,2.8,1,2.7,3.2,1,2.4,3.4,2.9,1.4,1.9,3.2,1,1.6,1
Student 0400,1,2.0,1,1.1,1.9,4.5,3.1,1.1,1,1,1,1.2,1,2.6,1,3.2,2.0,1.7,2.2,1.6,1.8,1.7,1.6,1,2.6,1,1.8,1.2,3.7,1,1.3,1,2.1,2.3,3.0,2.2,1,2.7,3.2,1,1.8,3.2,0.2,1.3,2.0,3.5,1,1.6,1
Student 0401,1,2.1,1,1.3,2.1,4.2,3.8,1.1,1,1,1,1.4,1,4.5,1,4.6,2.0,1.1,2.1,1.3,1.9,1.8,2.6,1,2.8,0,1.7,1.3,4.6,1,1.8,1,2.6,1.9,3.1,2.1,1,1.7,3.0,1,1.8,3.0,2.7,1.9,2.0,3.4,1,1.2,1
Student 0402,1,2.2,1,2,2.1,4.4,4.6,1.6,1,1,1,1.5,1,3.6,1,5,2.8,1.8,3,1.5,2.2,2.7,2.4,1,3,1,2.0,1.8,4.0,1,1.8,1,2.6,3,3.3,3,1,2.7,4.0,1,2.6,5,2.6,1.4,2.1,4.6,1,2,1
Student 0403,1,3,1,2,2.6,5,4.5,2,1,1,1,2,1,5,1,5,3,2,3,2,3,3,3,1,3,1,1.6,2,5,1,2,1,3,3,5,3,1,3,5,1,2.8,4.2,2.5,1.8,3,4.3,1,1.9,1
Student 0404,1,3,1,1.7,2.7,5,5,1.9,1,1,1,2,1,4.8,1,4.2,3,1.5,3.0,1.5,3,3,2.8,1,2.6,1,1.7,2,4.9,1,1.7,1,3,2.7,5,3,1,2.7,4.1,1,2.4,3.8,2.6,2.0,3,5.0,1,1.9,1
Student 0405,0,0.9,0,0.1,0.6,0.0,1.2,0.1,0,1,0,0.4,0,1.4,0,0.4,0.4,0.1,0.4,0.7,0.8,0.4,1.2,0,0.2,0,2,2,0.1,0,0.1,0,0.0,0.4,1.1,1.2,0,1.2,0.1,0,0.3,0.7,0.4,0.6,0.7,1.9,0,1.2,0
Student 0406,1,2.1,1,2,2.3,3.5,4.1,1.5,1,1,1,2,1,4.8,1,4.8,2.1,2,2.6,2,2.7,2.4,3,1,2.6,1,1.9,2,4.6,1,1.8,1,2.7,3,4.2,3,1,2.8,4.0,1,2.5,5.0,2.1,2,3,5,1,1.5,1
Student 0407,0,3,0,0.4,0.6,2.7,2.0,1.1,0,0,1,1.0,0,1.5,0,1.1,3,1.0,3,0.4,1.0,1.7,1.0,0,1.4,0,0.6,0.6,2.7,0,0.7,0,1.6,1.5,1.3,1.3,1,1.6,1.1,0,1.3,1.1,1.0,0.7,1.5,0.9,0,0.6,0
Student 0408,0,1.2,0,0.9,0.6,2.4,1.5,0.6,0,0,0,0.5,0,2.4,0,1.5,1.5,0.6,0.4,0.4,1.0,1.0,1.1,0,1.4,0,0.3,0.6,0.7,1,0.8,0,1.1,0.9,2.2,0.6,1,0.6,1.9,0,1.0,0.7,0.9,0.8,1.3,0.8,0,0.8,1
Student 0409,1,2.2,1,1.9,2.6,4.4,4.0,1.8,1,1,1,1.5,1,3.7,1,4.3,3.0,2,2.8,0.2,3,2.1,3,1,2.9,1,1.6,1.5,4.9,1,1.6,1,2.4,2.3,5,2.5,1,2.6,4.4,1,3,3.8,3,1.9,2.6,5.0,1,2.0,1
Student 0410,0,1.3,1,0.8,3.0,2.9,3.7,0.9,0,1,1,1.1,1,2.4,1,2.6,1.4,1.3,1.8,1.4,1.8,1.4,1.9,1,1.4,0,1.2,1.2,3.6,1,0.8,0,1.9,1.8,3.0,1.4,1,1.7,2.3,1,1.8,2.8,1.2,1.5,1.9,2.1,0,0.8,0
Student 0411,1,2.6,1,1.2,1.9,3.3,3.0,1.3,1,1,1,1.4,1,4.8,1,3.8,2.7,1.4,2.8,1.2,2.8,1.9,2.1,1,2.7,1,1.8,1.5,4.8,1,0.0,1,1.9,2.2,3.1,1.9,1,0.2,3.9,1,2.6,3.6,2.4,1.8,2.0,3.8,1,1.8,1
Student 0412,1,3,1,2,2.8,5,5,2,1,1,1,1.8,1,5,1,4.4,3,2,2.6,1.6,3,3,3,1,3,1,1.6,2,4.6,1,2,1,3,2.8,5,2.3,1,3,5,1,3,5,3,2,3,5,1,1.7,1
Student 0413,1,1.4,1,1.4,2.4,3.4,0.0,0.9,1,1,1,1.5,0,3.3,1,1.5,2.5,1.5,2.1,1.4,1.5,1.8,2.5,1,2.3,1,1.4,0.9,3.0,1,1.3,1,1.6,2.4,4.1,2.1,1,1.6,4.0,1,1.8,2.9,0.0,1.3,2.5,3.5,1,1.6,0
Student 0414,1,3,1,1.9,2.5,5,3.8,2,1,1,1,2,1,5,1,4.6,3,2,2.2,2,3.0,3,3,1,3,1,1.8,1.9,4.7,1,1.6,1,3,2.2,3.9,2.8,1,2.9,4.3,1,2.8,4.0,2.4,1.9,2.8,3.8,1,2,1
Student 0415,1,2.5,1,1.6,2.5,4.4,3.6,1.8,1,1,1,1.7,1,1.7,1,5,2.4,1.9,2.9,1.4,3,3,3,1,2.8,1,1.7,1.7,4.5,1,2,1,3,2.9,3.8,3,1,2.8,3.8,1,3,4.2,2.6,2,3,3.5,0,2.0,0
Student 0416,0,0.6,0,0.4,0.3,0.1,0.6,0.6,0,0,0,0.0,0,0.3,0,0.0,0.8,0.5,0.0,0.2,0.7,0.3,0.5,0,0.5,0,0.6,0.0,0.0,0,0.4,0,0.9,0.3,0.6,0.4,0,0.5,0.0,0,0.6,1.4,0.0,0.4,0.5,0.0,0,0.4,0
Student 0417,1,2.4,1,1.8,2.1,4.8,3.0,1.5,1,1,1,1.8,1,4.3,1,4.1,2.0,1.6,1.9,1.3,2.6,2.8,2.3,1,2.2,1,1.4,1.7,4.5,1,1.6,1,1.8,1.8,2.8,1.8,1,2.0,3.0,1,1.9,4.0,2.6,1.9,1.9,3.5,1,1.5,1
Student 0418,1,1.8,1,1.2,1.7,4.4,2.7,1.8,1,1,1,1.8,0,3.0,1,4.6,2.7,1.8,2.0,1.8,1.8,1.8,1.8,1,1.9,1,1.5,1.4,2.9,1,0.0,1,2.7,2.3,3.0,2.7,0,1.7,4.0,1,2.7,3.7,2.2,1.6,2.8,4.3,1,1.6,1
Student 0419,1,2.3,1,2,2.4,4.0,4.9,2.0,1,1,1,2.0,1,3.8,1,4.3,2.2,1.5,3,1.5,2.8,3.0,1.6,1,2.5,1,1.4,1.9,3.8,1,1.8,1,2.6,2.4,4.8,2.7,1,2.5,3.6,1,2.9,3.6,2.1,1.5,2.1,4.4,1,2.0,1
Student 0420,1,2.3,1,1.4,2.9,3.8,4.4,1.4,1,1,1,2,1,3.6,1,5,3.0,1.4,3,1.4,3,3.0,2.9,1,3,1,2,1.5,3.5,1,1.7,1,2.9,1.3,3.8,2.6,1,2.1,4.8,1,3,4.2,3,1.7,2.6,4.6,1,2.0,1
Student 0421,1,2.1,1,1.9,2.9,4.4,4.6,1.7,1,1,1,1.8,1,5,1,3.7,3,1.4,2.2,2,2.5,3,3,1,3,1,2,1.5,4.8,1,2.0,0,2.2,3,5,2.9,1,2.8,5,1,0.0,4.8,3,1.8,2.4,3.8,1,1.6,1
Student 0422,0,2.0,1,1.6,1.5,3.9,3.6,1.6,1,0,1,1.5,1,0.0,1,4.3,2.3,1.6,2.6,1.3,1.6,2.3,2.5,1,1.9,1,1.2,1.1,3.8,1,1.3,1,2.6,2.1,2.5,2.1,1,2.2,2.5,1,1.6,3.3,2.5,1.2,2.0,3.1,1,1.4,1
Student 0423,0,1.0,0,0.7,0.7,0.2,1.0,0.4,0,0,0,0.0,0,0.0,0,0.6,3,0.0,0.0,0.0,0.6,0.0,0.6,0,0.7,0,0.5,0.2,1.7,0,0.4,0,0.3,1.0,1.4,0.3,0,0.4,0.8,0,0.5,0.5,0.8,0.6,0.1,0.2,0,0.1,0
Student 0424,1,2.4,1,2,2.7,1.8,5,2,1,1,1,2.0,1,4.6,1,4.6,2.6,1.8,2.3,1.7,2.8,2.6,2.7,1,2.9,1,2,2.0,4.6,1,1.6,1,2.8,2.3,4.4,0.0,1,2.0,4.6,1,2.9,3.5,2.9,1.7,3.0,5,1,1.7,1
Student 0425,1,1.8,1,0.8,1.9,3.3,1.9,1.1,1,1,0,1.1,1,3.0,1,4.1,1.6,0.8,2.1,1.2,1.5,1.4,1.2,0,1.2,1,0.8,1.3,2.0,1,1.1,1,1.8,2.1,2.2,1.1,0,1.4,2.7,1,1.2,2.0,1.6,1.0,2.0,2.5,0,1.5,1
Student 0426,1,1.6,1,1.2,1.3,1.9,3.5,1.2,1,0,0,1.5,0,2.8,0,2.1,1.4,0.8,1.7,0.9,1.4,2.2,1.3,0,1.9,0,1.4,0.8,5.0,1,1.3,1,1.8,1.8,2.0,2.3,1,2.1,2.3,1,1.4,3.5,2.1,1.4,2.0,3.2,1,1.4,0
Student 0427,1,2.0,1,1.4,3,4.6,5,1.4,1,1,1,1.8,1,4.2,1,4.5,2.7,1.5,3.0,1.4,2.1,3,2.3,1,2.8,1,1.5,1.8,4.2,1,1.5,1,2.4,2.5,3.8,2.7,1,2.3,4.1,1,3,4.6,2.8,2,0.7,4.9,1,2.0,1
Student 0428,1,2.8,1,1.9,2.1,4.9,4.9,1.7,1,0,1,1.5,1,3.7,1,4.2,2.2,1.6,2.4,0.9,2.3,2.0,2.6,1,2.9,1,1.3,1.9,4.1,1,1.8,1,2.3,2.7,4.3,2.2,1,2.0,3.3,1,2.5,0.0,2.6,1.9,2.3,3.3,1,1.6,1
Student 0429,1,2.7,1,1.6,2.2,2.8,3.4,1.2,1,1,1,1.4,0,3.8,1,4.0,1.6,1.3,1.7,1.8,1.6,2.3,2.3,0,2.3,1,1.8,1.6,3.1,1,1.7,1,2.0,2.5,0.0,1.8,1,1.9,3.8,1,2.6,2.7,2.7,1.7,1.7,4.0,1,1.8,1
Student 0430,0,1.5,0,0.6,1.0,1.9,1.6,0.7,0,1,0,0.7,1,2.1,0,3.9,0.6,1.1,0.6,1.1,1.1,1.5,0.7,0,1.0,1,0.4,0.7,2.3,0,1.1,0,0.6,0.9,2.3,0.7,0,0.8,1.5,0,1.7,1.4,1.0,0.9,3,2.7,0,1.0,0
Student 0431,1,2.1,1,1.8,0.0,2.9,4.1,1.7,1,1,1,1.6,1,2.9,1,3.9,2.5,1.7,0.2,1.8,1.8,2.7,2.7,1,2.4,1,1.5,1.4,2.9,1,1.8,1,2.6,2.6,4.2,2.1,1,1.8,2.8,1,2.8,3.0,2.3,1.4,2.5,4.6,1,1.9,1
Student 0432,1,2.0,1,1.5,2.7,4.0,2.5,1.3,1,0,1,1.5,1,3.4,1,3.6,2.4,1.7,2.2,1.4,1.6,2.0,2.0,1,1.6,1,1.3,1.6,3.9,1,1.7,1,2.3,2.3,3.2,2.6,1,2.2,2.8,1,2.1,2.7,1.6,0.0,2.1,3.2,1,1.1,1
Student 0433,1,1.9,1,1.4,2.1,3.9,2.9,1.5,1,1,1,1.2,1,4.7,1,4.2,2.3,1.7,2.3,1.7,2.8,2.3,1.8,1,2.2,1,1.6,1.6,4.4,1,1.2,1,2.5,2.3,3.0,2.3,1,1.8,3.6,1,1.7,3.5,2.3,1.2,2.1,1.0,1,1.4,1
Student 0434,0,1.6,0,1.0,1.2,1.7,1.2,1.1,0,1,0,0.7,0,1.6,0,1.0,0.7,0.3,1.0,0.4,1.2,0.6,1.6,1,0.8,0,0.7,0.7,1.2,0,0.4,1,1.1,3,0.9,1.0,0,1.3,1.7,0,3,2.0,1.6,0.6,1.5,0.9,0,0.4,1
Student 0435,0,1.6,1,1.1,1.4,2.3,2.2,0.9,0,0,1,0.8,0,2.6,0,1.0,1.6,0.4,0.6,0.4,1.4,1.3,1.7,1,1.4,0,1.1,0.6,1.6,0,0.6,0,0.7,0.5,2.3,1.1,1,1.7,2.1,0,0.8,1.2,1.4,0.7,0.7,2.9,0,0.6,0
Student 0436,1,3,1,2,3,5,4.4,1.6,1,1,1,1.7,1,5,1,5,2.5,1.6,2.6,1.5,3,2.3,3,1,3,1,2,2,5,1,2,1,3,2.4,4.0,2.8,1,3,5,1,2.8,5,3,2.0,2.6,5,1,2,1
Student 0437,1,2.5,1,1.1,2.1,3.2,2.8,1.7,0,1,1,1.3,0,3.7,1,3.0,3,1.3,1.4,1.1,2.4,1.6,1.7,1,2.2,1,1.0,1.6,2.9,1,1.3,1,2.2,1.4,3.2,1.8,1,1.5,2.4,1,2.5,2.4,2.4,1.5,1.7,3.8,0,1.9,0
Student 0438,0,2.0,0,1.3,1.5,2.2,1.9,0.8,1,0,1,1.1,1,3.1,0,2.5,2.0,1.3,1.8,0.9,1.7,1.6,1.4,0,1.3,0,1.0,0.9,3.6,0,0.8,1,1.4,1.2,3.3,1.0,1,1.4,2.2,1,2.1,2.0,1.5,1.1,1.6,2.9,1,1.0,1
Student 0439,1,2.5,1,2,2.3,5,3.8,1.8,1,1,1,2,1,4.7,1,5,3,2,2.4,2,3,3,3,1,3,1,2,2,5,1,2,1,3,2.7,5,2.6,1,3,5,1,2.9,5,3,1.8,3,5,1,2,1
Student 0440,0,0.0,0,0.5,0.7,0.4,1.0,0.1,0,0,0,0.0,0,0.1,0,0.6,0.3,0.1,0.1,0.0,0.6,0.5,0.8,0,0.3,0,0.0,0.2,1.4,0,0.0,0,0.5,0.5,1.1,0.0,0,0.5,1.3,0,0.4,1.1,0.5,0.0,0.0,0.5,0,0.1,0
Student 0441,0,2.4,1,1.4,2.5,3.1,3.9,1.0,1,1,0,1.3,1,4.0,0,2.7,2.2,1.3,1.7,1.5,1.7,1.6,2.4,1,2.2,1,1.7,1.5,4.3,0,0.0,1,2.1,2.0,1.5,2.3,0,2.3,3.8,1,2.5,4.4,2.6,1.0,1.7,3.9,1,1.4,1
Student 0442,1,2.7,1,1.4,2.6,3.6,3.7,2,1,1,1,1.7,1,5,1,4.6,2.6,1.6,2.9,1.8,2.9,2.7,2.6,1,2.7,1,1.8,1.4,5,1,2,1,2.1,2.1,4.7,2.4,1,3,3.6,1,2.2,5,2.8,1.7,2.7,3.5,1,1.4,1
Student 0443,0,1.1,1,1.1,0.9,2.1,1.1,1.5,1,0,0,0.7,1,2.3,1,1.1,0.9,1.2,1.5,1.0,1.0,1.5,1.0,0,1.4,0,2,1.2,2.0,1,0.5,0,1.3,0.7,1.5,1.4,0,1.2,1.6,0,0.9,1.3,1.6,2,1.2,2.8,0,1.1,0
Student 0444,1,2.9,1,1.6,3,4.8,4.0,1.5,1,1,1,2,1,4.6,1,3.8,2.6,2,2.1,1.7,2.8,2.7,3.0,1,2.3,1,1.8,1.9,3.5,1,1.7,1,2.8,2.1,5,2.4,1,2.3,3.8,1,2.3,5,3,1.5,2.5,4.1,1,1.9,1
Student 0445,1,2.8,1,1.9,3.0,3.6,3.8,1.5,1,1,1,2,1,5,1,4.5,2.3,1.9,2.8,1.5,2.6,3,3,1,3,1,1.5,1.8,5,1,1.9,1,2.7,3.0,5,2.1,1,2.5,4.1,1,3,5,2.8,1.5,2.2,4.4,1,1.6,1
Student 0446,1,1.7,1,1.5,1.8,4.0,3.4,1.3,1,1,1,1.5,1,2.8,1,3.6,1.7,1.6,1.8,0.7,1.9,2.4,1.8,1,2.2,1,1.1,1.7,4.0,1,1.2,1,1.9,2.7,3.8,1.9,1,2.2,4.2,1,1.8,4.2,2.8,1.2,2.4,4.5,1,1.6,1
Student 0447,1,0.9,0,0.9,2.0,2.8,1.8,1.3,0,0,1,1.3,0,2.3,1,3.2,0.9,0.8,2.0,0.9,2.0,0.9,2.0,1,0.4,1,0.7,0.8,1.6,1,1.2,0,1.7,1.4,2.5,1.3,1,1.6,2.1,0,1.9,2.7,0.9,0.9,1.1,3.3,0,0.7,1
Student 0448,1,1.5,1,1.4,1.2,3.5,2.6,0.9,1,1,1,1.2,1,2.0,1,2.8,2.1,1.3,1.1,0.9,1.2,1.6,1.6,1,1.5,1,0.8,1.4,3.2,1,1.2,1,1.2,1.6,0.0,1.1,0,1.8,3.6,0,1.3,3.7,1.2,1.4,1.7,2.4,1,0.9,0
Student 0449,1,2.4,1,1.9,2.5,4.3,4.5,1.4,1,1,1,1.9,1,3.4,1,4.0,1.9,1.8,1.9,1.3,2.5,2.6,2.8,1,2.8,1,1.3,1.6,0.0,1,1.8,1,2.3,2.5,4.5,2.3,1,2.3,4.9,1,1.4,4.8,2.2,1.5,2.5,4.2,1,1.3,1
Student 0450,1,0.0,1,1.0,1.7,4.1,3.5,1.5,1,1,1,1.5,1,2.5,1,3.2,2.3,1.6,1.4,1.3,1.9,2.1,2.3,1,1.6,0,1.2,1.5,2.6,1,1.3,0,2.1,2.3,0.0,2.4,1,2.3,3.7,1,1.6,2.9,2.2,1.4,1.7,3.8,1,1.6,1
Student 0451,1,2.1,1,1.6,2.4,4.5,4.4,2,1,1,1,1.9,1,4.0,1,4.4,3,2.0,2.6,1.9,3,2.5,2.6,1,2.7,1,1.4,2,4.7,1,2,1,3,2.7,4.7,2.4,1,2.3,4.7,1,2.4,3.9,2.6,1.8,2.4,4.2,1,2.0,1
Student 0452,1,2.5,0,1.8,1.9,4.8,3.7,1.7,1,1,1,1.2,1,3.4,1,4.5,2.5,1.9,2.7,1.8,2.2,2.7,2.9,1,2.5,1,1.5,0.0,3.1,0,1.4,1,2.6,2.6,3.0,1.3,1,1.9,3.7,1,2.2,4.8,2.5,1.8,2.7,4.6,0,1.8,1
